SetName,Cycle,Time_S,Size_mm,Displacement_mm,Force_N
Stretch3,1-Preload,0.000,23.935,0,0.165
Stretch3,1-Preload,0.200,23.935,0,-0.133
Stretch3,1-Preload,0.400,23.977,0.042,0.165
Stretch3,1-Preload,0.600,24.023,0.088,-0.133
Stretch3,1-Preload,0.800,24.065,0.13,0.165
Stretch3,1-Preload,1.000,24.11,0.175,-0.034
Stretch3,1-Preload,1.200,24.153,0.218,-0.233
Stretch3,1-Preload,1.400,24.201,0.266,0.066
Stretch3,1-Preload,1.600,24.245,0.31,0.066
Stretch3,1-Preload,1.800,24.282,0.347,-0.233
Stretch3,1-Preload,2.000,24.337,0.402,0.165
Stretch3,1-Preload,2.200,24.377,0.442,-0.034
Stretch3,1-Preload,2.400,24.418,0.483,0.066
Stretch3,1-Preload,2.600,24.464,0.529,0.066
Stretch3,1-Preload,2.800,24.506,0.571,-0.233
Stretch3,1-Preload,3.000,24.556,0.621,0.066
Stretch3,1-Preload,3.200,24.599,0.664,-0.133
Stretch3,1-Preload,3.400,24.646,0.711,-0.034
Stretch3,1-Preload,3.600,24.689,0.754,-0.133
Stretch3,1-Preload,3.800,24.735,0.8,-0.233
Stretch3,1-Preload,4.000,24.785,0.85,0.066
Stretch3,1-Preload,4.200,24.834,0.899,0.066
Stretch3,1-Preload,4.400,24.875,0.94,-0.034
Stretch3,1-Preload,4.600,24.926,0.991,0.066
Stretch3,1-Preload,4.800,24.966,1.031,-0.133
Stretch3,1-Preload,5.000,25.014,1.079,-0.133
Stretch3,1-Preload,5.200,25.061,1.126,-0.133
Stretch3,1-Preload,5.400,25.113,1.178,-0.133
Stretch3,1-Preload,5.600,25.156,1.221,-0.432
Stretch3,1-Preload,5.800,25.216,1.281,-0.233
Stretch3,1-Preload,6.000,25.265,1.33,-0.233
Stretch3,1-Preload,6.200,25.314,1.379,-0.133
Stretch3,1-Preload,6.400,25.359,1.424,-0.133
Stretch3,1-Preload,6.600,25.417,1.482,-0.034
Stretch3,1-Preload,6.800,25.472,1.537,-0.034
Stretch3,1-Preload,7.000,25.529,1.594,-0.034
Stretch3,1-Preload,7.200,25.569,1.634,-0.333
Stretch3,1-Preload,7.400,25.623,1.688,-0.133
Stretch3,1-Preload,7.600,25.687,1.752,-0.133
Stretch3,1-Preload,7.800,25.741,1.806,-0.233
Stretch3,1-Preload,8.000,25.798,1.863,-0.233
Stretch3,1-Preload,8.200,25.859,1.924,-0.133
Stretch3,1-Preload,8.400,25.915,1.98,-0.333
Stretch3,1-Preload,8.600,25.978,2.043,-0.133
Stretch3,1-Preload,8.800,26.037,2.102,-0.133
Stretch3,1-Preload,9.000,26.085,2.15,-0.133
Stretch3,1-Preload,9.200,26.145,2.21,-0.133
Stretch3,1-Preload,9.400,26.202,2.267,-0.333
Stretch3,1-Preload,9.600,26.255,2.32,-0.233
Stretch3,1-Preload,9.800,26.318,2.383,-0.034
Stretch3,1-Preload,10.000,26.37,2.435,-0.432
Stretch3,1-Preload,10.200,26.43,2.495,-0.034
Stretch3,1-Preload,10.400,26.493,2.558,-0.233
Stretch3,1-Preload,10.600,26.543,2.608,-0.233
Stretch3,1-Preload,10.800,26.602,2.667,-0.034
Stretch3,1-Preload,11.000,26.654,2.719,-0.333
Stretch3,1-Preload,11.200,26.704,2.769,-0.133
Stretch3,1-Preload,11.400,26.753,2.818,0.066
Stretch3,1-Preload,11.600,26.799,2.864,-0.333
Stretch3,1-Preload,11.800,26.849,2.914,0.165
Stretch3,1-Preload,12.000,26.892,2.957,0.066
Stretch3,1-Preload,12.200,26.93,2.995,-0.034
Stretch3,1-Preload,12.400,26.969,3.034,0.165
Stretch3,1-Preload,12.600,27.008,3.073,0.165
Stretch3,1-Preload,12.800,27.045,3.11,0.265
Stretch3,1-Preload,13.000,27.084,3.149,0.365
Stretch3,1-Preload,13.200,27.122,3.187,0.265
Stretch3,1-Preload,13.400,27.155,3.22,0.365
Stretch3,1-Preload,13.600,27.195,3.26,0.365
Stretch3,1-Preload,13.800,27.23,3.295,0.365
Stretch3,1-Preload,14.000,27.266,3.331,0.365
Stretch3,1-Preload,14.200,27.306,3.371,0.365
Stretch3,1-Preload,14.400,27.341,3.406,0.365
Stretch3,1-Preload,14.600,27.378,3.443,0.365
Stretch3,1-Preload,14.800,27.413,3.478,0.365
Stretch3,1-Preload,15.000,27.451,3.516,0.464
Stretch3,1-Preload,15.200,27.484,3.549,0.564
Stretch3,1-Preload,15.400,27.509,3.574,0.464
Stretch3,1-Preload,15.600,27.543,3.608,0.664
Stretch3,1-Preload,15.800,27.57,3.635,0.365
Stretch3,1-Preload,16.000,27.595,3.66,0.564
Stretch3,1-Preload,16.200,27.627,3.692,0.564
Stretch3,1-Preload,16.400,27.651,3.716,0.365
Stretch3,1-Preload,16.600,27.678,3.743,0.664
Stretch3,1-Preload,16.800,27.706,3.771,0.564
Stretch3,1-Preload,17.000,27.726,3.791,0.564
Stretch3,1-Preload,17.200,27.753,3.818,0.763
Stretch3,1-Preload,17.400,27.773,3.838,0.564
Stretch3,1-Preload,17.600,27.791,3.856,0.763
Stretch3,1-Preload,17.800,27.819,3.884,0.763
Stretch3,1-Preload,18.000,27.835,3.9,0.763
Stretch3,1-Preload,18.200,27.849,3.914,0.863
Stretch3,1-Preload,18.400,27.866,3.931,0.664
Stretch3,1-Preload,18.600,27.874,3.939,0.962
Stretch3,1-Preload,18.800,27.876,3.941,0.962
Stretch3,1-Stretch,18.930,27.876,0,0.664
Stretch3,1-Stretch,19.130,27.934,0.058,1.162
Stretch3,1-Stretch,19.330,28.001,0.125,1.162
Stretch3,1-Stretch,19.530,28.068,0.192,1.261
Stretch3,1-Stretch,19.730,28.135,0.259,1.361
Stretch3,1-Stretch,19.930,28.202,0.326,1.162
Stretch3,1-Stretch,20.130,28.269,0.393,1.660
Stretch3,1-Stretch,20.330,28.336,0.46,1.859
Stretch3,1-Stretch,20.530,28.403,0.527,1.759
Stretch3,1-Stretch,20.730,28.47,0.594,1.759
Stretch3,1-Stretch,20.930,28.537,0.661,1.959
Stretch3,1-Stretch,21.130,28.604,0.728,2.058
Stretch3,1-Stretch,21.330,28.671,0.795,2.357
Stretch3,1-Stretch,21.530,28.739,0.863,2.656
Stretch3,1-Stretch,21.730,28.805,0.929,2.656
Stretch3,1-Stretch,21.930,28.873,0.997,2.756
Stretch3,1-Stretch,22.130,28.94,1.064,3.154
Stretch3,1-Stretch,22.330,29.007,1.131,3.055
Stretch3,1-Stretch,22.530,29.074,1.198,3.453
Stretch3,1-Stretch,22.730,29.141,1.265,3.553
Stretch3,1-Stretch,22.930,29.208,1.332,3.553
Stretch3,1-Stretch,23.130,29.275,1.399,3.453
Stretch3,1-Stretch,23.330,29.342,1.466,3.652
Stretch3,1-Stretch,23.530,29.409,1.533,3.652
Stretch3,1-Stretch,23.730,29.476,1.6,3.852
Stretch3,1-Stretch,23.930,29.543,1.667,4.250
Stretch3,1-Stretch,24.130,29.61,1.734,4.350
Stretch3,1-Stretch,24.330,29.677,1.801,4.649
Stretch3,1-Stretch,24.530,29.744,1.868,4.848
Stretch3,1-Stretch,24.730,29.811,1.935,5.147
Stretch3,1-Stretch,24.930,29.878,2.002,5.446
Stretch3,1-Stretch,25.130,29.945,2.069,5.147
Stretch3,1-Stretch,25.330,30.012,2.136,5.744
Stretch3,1-Stretch,25.530,30.079,2.203,5.944
Stretch3,1-Stretch,25.730,30.146,2.27,6.442
Stretch3,1-Stretch,25.930,30.213,2.337,6.641
Stretch3,1-Stretch,26.130,30.28,2.404,6.741
Stretch3,1-Stretch,26.330,30.347,2.471,7.438
Stretch3,1-Stretch,26.530,30.414,2.538,7.338
Stretch3,1-Stretch,26.730,30.481,2.605,7.040
Stretch3,1-Stretch,26.930,30.548,2.672,7.538
Stretch3,1-Stretch,27.130,30.615,2.739,7.936
Stretch3,1-Stretch,27.330,30.682,2.806,8.135
Stretch3,1-Stretch,27.530,30.75,2.874,8.534
Stretch3,1-Stretch,27.730,30.816,2.94,8.932
Stretch3,1-Stretch,27.930,30.884,3.008,9.132
Stretch3,1-Stretch,28.130,30.95,3.074,9.431
Stretch3,1-Stretch,28.330,31.018,3.142,9.729
Stretch3,1-Stretch,28.530,31.085,3.209,10.327
Stretch3,1-Stretch,28.730,31.152,3.276,10.427
Stretch3,1-Stretch,28.930,31.219,3.343,11.025
Stretch3,1-Stretch,29.130,31.286,3.41,10.925
Stretch3,1-Stretch,29.330,31.353,3.477,11.423
Stretch3,1-Stretch,29.530,31.42,3.544,11.622
Stretch3,1-Stretch,29.730,31.487,3.611,12.320
Stretch3,1-Stretch,29.930,31.554,3.678,12.519
Stretch3,1-Stretch,30.130,31.621,3.745,13.017
Stretch3,1-Stretch,30.330,31.688,3.812,13.316
Stretch3,1-Stretch,30.530,31.755,3.879,14.013
Stretch3,1-Stretch,30.730,31.822,3.946,14.512
Stretch3,1-Stretch,30.930,31.889,4.013,14.611
Stretch3,1-Stretch,31.130,31.956,4.08,14.810
Stretch3,1-Stretch,31.330,32.023,4.147,15.607
Stretch3,1-Stretch,31.530,32.09,4.214,16.106
Stretch3,1-Stretch,31.730,32.157,4.281,16.504
Stretch3,1-Stretch,31.930,32.224,4.348,16.803
Stretch3,1-Stretch,32.130,32.291,4.415,17.700
Stretch3,1-Stretch,32.330,32.358,4.482,18.297
Stretch3,1-Stretch,32.530,32.425,4.549,18.397
Stretch3,1-Stretch,32.730,32.492,4.616,18.696
Stretch3,1-Stretch,32.930,32.559,4.683,19.493
Stretch3,1-Stretch,33.130,32.626,4.75,19.991
Stretch3,1-Stretch,33.330,32.693,4.817,20.688
Stretch3,1-Stretch,33.530,32.761,4.885,21.187
Stretch3,1-Stretch,33.730,32.827,4.951,21.784
Stretch3,1-Stretch,33.930,32.895,5.019,21.984
Stretch3,1-Stretch,34.130,32.961,5.085,22.880
Stretch3,1-Stretch,34.330,33.029,5.153,23.478
Stretch3,1-Stretch,34.530,33.096,5.22,23.976
Stretch3,1-Stretch,34.730,33.163,5.287,24.673
Stretch3,1-Stretch,34.930,33.23,5.354,25.570
Stretch3,1-Stretch,35.130,33.297,5.421,25.670
Stretch3,1-Stretch,35.330,33.364,5.488,26.267
Stretch3,1-Stretch,35.530,33.431,5.555,27.264
Stretch3,1-Stretch,35.730,33.498,5.622,27.762
Stretch3,1-Stretch,35.930,33.565,5.689,28.658
Stretch3,1-Stretch,36.130,33.632,5.756,29.057
Stretch3,1-Stretch,36.330,33.699,5.823,29.555
Stretch3,1-Stretch,36.530,33.766,5.89,30.253
Stretch3,1-Stretch,36.730,33.833,5.957,30.950
Stretch3,1-Stretch,36.930,33.9,6.024,31.847
Stretch3,1-Stretch,37.130,33.967,6.091,32.544
Stretch3,1-Stretch,37.330,34.034,6.158,32.942
Stretch3,1-Stretch,37.530,34.101,6.225,33.739
Stretch3,1-Stretch,37.730,34.168,6.292,34.536
Stretch3,1-Stretch,37.930,34.235,6.359,35.134
Stretch3,1-Stretch,38.130,34.303,6.427,36.130
Stretch3,1-Stretch,38.330,34.369,6.493,36.429
Stretch3,1-Stretch,38.530,34.436,6.56,37.027
Stretch3,1-Stretch,38.730,34.503,6.627,38.023
Stretch3,1-Stretch,38.930,34.57,6.694,38.621
Stretch3,1-Stretch,39.130,34.637,6.761,39.418
Stretch3,1-Stretch,39.330,34.704,6.828,40.016
Stretch3,1-Stretch,39.530,34.771,6.895,40.813
Stretch3,1-Stretch,39.730,34.838,6.962,41.710
Stretch3,1-Stretch,39.930,34.906,7.03,42.008
Stretch3,1-Stretch,40.130,34.972,7.096,43.304
Stretch3,1-Stretch,40.330,35.04,7.164,43.602
Stretch3,1-Stretch,40.530,35.107,7.231,44.499
Stretch3,1-Stretch,40.730,35.174,7.298,45.097
Stretch3,1-Stretch,40.930,35.241,7.365,45.894
Stretch3,1-Stretch,41.130,35.308,7.432,46.790
Stretch3,1-Stretch,41.330,35.375,7.499,47.289
Stretch3,1-Stretch,41.530,35.442,7.566,48.384
Stretch3,1-Stretch,41.730,35.509,7.633,49.181
Stretch3,1-Stretch,41.930,35.576,7.7,50.078
Stretch3,1-Stretch,42.130,35.643,7.767,50.776
Stretch3,1-Stretch,42.330,35.71,7.834,51.373
Stretch3,1-Stretch,42.530,35.777,7.901,52.469
Stretch3,1-Stretch,42.730,35.844,7.968,53.167
Stretch3,1-Stretch,42.930,35.911,8.035,53.964
Stretch3,1-Stretch,43.130,35.978,8.102,54.561
Stretch3,1-Stretch,43.330,36.045,8.169,55.259
Stretch3,1-Stretch,43.530,36.112,8.236,56.155
Stretch3,1-Stretch,43.730,36.179,8.303,56.853
Stretch3,1-Stretch,43.930,36.239,8.363,57.749
Stretch3,1-Recover,43.960,36.239,8.363,57.450
Stretch3,1-Recover,44.160,36.08,8.204,48.683
Stretch3,1-Recover,44.360,35.913,8.037,40.713
Stretch3,1-Recover,44.560,35.744,7.868,33.739
Stretch3,1-Recover,44.760,35.576,7.7,28.559
Stretch3,1-Recover,44.960,35.408,7.532,24.076
Stretch3,1-Recover,45.160,35.24,7.364,19.991
Stretch3,1-Recover,45.360,35.072,7.196,16.604
Stretch3,1-Recover,45.560,34.904,7.028,14.013
Stretch3,1-Recover,45.760,34.736,6.86,11.224
Stretch3,1-Recover,45.960,34.568,6.692,9.431
Stretch3,1-Recover,46.160,34.399,6.523,7.239
Stretch3,1-Recover,46.360,34.232,6.356,6.243
Stretch3,1-Recover,46.560,34.063,6.187,4.848
Stretch3,1-Recover,46.760,33.895,6.019,3.752
Stretch3,1-Recover,46.960,33.727,5.851,3.154
Stretch3,1-Recover,47.160,33.559,5.683,2.656
Stretch3,1-Recover,47.360,33.391,5.515,1.859
Stretch3,1-Recover,47.560,33.223,5.347,1.560
Stretch3,1-Recover,47.760,33.055,5.179,1.162
Stretch3,1-Recover,47.960,32.886,5.01,0.863
Stretch3,1-Recover,48.160,32.718,4.842,0.464
Stretch3,1-Recover,48.360,32.551,4.675,0.365
Stretch3,1-Recover,48.560,32.382,4.506,0.365
Stretch3,1-Recover,48.760,32.214,4.338,0.365
Stretch3,1-Recover,48.960,32.046,4.17,0.165
Stretch3,1-Recover,49.160,31.878,4.002,0.066
Stretch3,1-Recover,49.360,31.71,3.834,0.165
Stretch3,1-Recover,49.560,31.542,3.666,0.066
Stretch3,1-Recover,49.760,31.374,3.498,-0.233
Stretch3,1-Recover,49.960,31.205,3.329,-0.333
Stretch3,1-Recover,50.160,31.037,3.161,-0.034
Stretch3,1-Recover,50.360,30.87,2.994,-0.432
Stretch3,1-Recover,50.560,30.701,2.825,-0.133
Stretch3,1-Recover,50.760,30.533,2.657,-0.133
Stretch3,1-Recover,50.960,30.365,2.489,-0.432
Stretch3,1-Recover,51.160,30.197,2.321,-0.034
Stretch3,1-Recover,51.360,30.029,2.153,-0.233
Stretch3,1-Recover,51.560,29.861,1.985,-0.333
Stretch3,1-Recover,51.760,29.693,1.817,-0.034
Stretch3,1-Recover,51.960,29.524,1.648,-0.432
Stretch3,1-Recover,52.160,29.357,1.481,-0.233
Stretch3,1-Recover,52.360,29.189,1.313,-0.133
Stretch3,1-Recover,52.560,29.02,1.144,-0.432
Stretch3,1-Recover,52.760,28.852,0.976,-0.133
Stretch3,1-Recover,52.960,28.684,0.808,-0.333
Stretch3,1-Recover,53.160,28.516,0.64,-0.233
Stretch3,1-Recover,53.360,28.348,0.472,-0.034
Stretch3,1-Recover,53.560,28.18,0.304,-0.432
Stretch3,1-Recover,53.760,28.012,0.136,-0.233
Stretch3,2-Stretch,53.960,27.876,0,-0.233
Stretch3,2-Stretch,54.160,27.937,0.061,-0.333
Stretch3,2-Stretch,54.360,28.004,0.128,-0.233
Stretch3,2-Stretch,54.560,28.071,0.195,-0.233
Stretch3,2-Stretch,54.760,28.138,0.262,-0.233
Stretch3,2-Stretch,54.960,28.205,0.329,-0.133
Stretch3,2-Stretch,55.160,28.272,0.396,-0.432
Stretch3,2-Stretch,55.360,28.339,0.463,-0.034
Stretch3,2-Stretch,55.560,28.407,0.531,-0.233
Stretch3,2-Stretch,55.760,28.474,0.598,-0.432
Stretch3,2-Stretch,55.960,28.541,0.665,-0.034
Stretch3,2-Stretch,56.160,28.608,0.732,-0.333
Stretch3,2-Stretch,56.360,28.675,0.799,-0.133
Stretch3,2-Stretch,56.560,28.742,0.866,-0.034
Stretch3,2-Stretch,56.760,28.809,0.933,-0.432
Stretch3,2-Stretch,56.960,28.876,1,-0.233
Stretch3,2-Stretch,57.160,28.943,1.067,-0.133
Stretch3,2-Stretch,57.360,29.01,1.134,-0.432
Stretch3,2-Stretch,57.560,29.077,1.201,-0.133
Stretch3,2-Stretch,57.760,29.144,1.268,-0.333
Stretch3,2-Stretch,57.960,29.211,1.335,-0.333
Stretch3,2-Stretch,58.160,29.278,1.402,0.066
Stretch3,2-Stretch,58.360,29.345,1.469,-0.432
Stretch3,2-Stretch,58.560,29.412,1.536,-0.233
Stretch3,2-Stretch,58.760,29.479,1.603,-0.133
Stretch3,2-Stretch,58.960,29.546,1.67,-0.432
Stretch3,2-Stretch,59.160,29.613,1.737,-0.133
Stretch3,2-Stretch,59.360,29.68,1.804,-0.233
Stretch3,2-Stretch,59.560,29.747,1.871,-0.333
Stretch3,2-Stretch,59.760,29.815,1.939,0.066
Stretch3,2-Stretch,59.960,29.882,2.006,-0.432
Stretch3,2-Stretch,60.160,29.948,2.072,-0.133
Stretch3,2-Stretch,60.360,30.015,2.139,-0.034
Stretch3,2-Stretch,60.560,30.082,2.206,-0.333
Stretch3,2-Stretch,60.760,30.149,2.273,-0.133
Stretch3,2-Stretch,60.960,30.216,2.34,-0.333
Stretch3,2-Stretch,61.160,30.284,2.408,-0.133
Stretch3,2-Stretch,61.360,30.351,2.475,0.165
Stretch3,2-Stretch,61.560,30.418,2.542,-0.333
Stretch3,2-Stretch,61.760,30.485,2.609,0.066
Stretch3,2-Stretch,61.960,30.552,2.676,0.066
Stretch3,2-Stretch,62.160,30.619,2.743,-0.034
Stretch3,2-Stretch,62.360,30.686,2.81,0.165
Stretch3,2-Stretch,62.560,30.753,2.877,-0.133
Stretch3,2-Stretch,62.760,30.82,2.944,-0.034
Stretch3,2-Stretch,62.960,30.887,3.011,0.165
Stretch3,2-Stretch,63.160,30.954,3.078,0.165
Stretch3,2-Stretch,63.360,31.021,3.145,0.165
Stretch3,2-Stretch,63.560,31.088,3.212,0.066
Stretch3,2-Stretch,63.760,31.155,3.279,0.165
Stretch3,2-Stretch,63.960,31.222,3.346,0.165
Stretch3,2-Stretch,64.160,31.289,3.413,0.165
Stretch3,2-Stretch,64.360,31.356,3.48,0.265
Stretch3,2-Stretch,64.560,31.423,3.547,0.365
Stretch3,2-Stretch,64.760,31.49,3.614,0.365
Stretch3,2-Stretch,64.960,31.557,3.681,0.365
Stretch3,2-Stretch,65.160,31.624,3.748,0.365
Stretch3,2-Stretch,65.360,31.692,3.816,0.365
Stretch3,2-Stretch,65.560,31.759,3.883,0.365
Stretch3,2-Stretch,65.760,31.826,3.95,0.365
Stretch3,2-Stretch,65.960,31.893,4.017,0.365
Stretch3,2-Stretch,66.160,31.96,4.084,0.464
Stretch3,2-Stretch,66.360,32.027,4.151,0.365
Stretch3,2-Stretch,66.560,32.093,4.217,0.464
Stretch3,2-Stretch,66.760,32.161,4.285,0.664
Stretch3,2-Stretch,66.960,32.228,4.352,0.365
Stretch3,2-Stretch,67.160,32.295,4.419,0.763
Stretch3,2-Stretch,67.360,32.362,4.486,0.962
Stretch3,2-Stretch,67.560,32.429,4.553,1.162
Stretch3,2-Stretch,67.760,32.496,4.62,1.162
Stretch3,2-Stretch,67.960,32.563,4.687,1.162
Stretch3,2-Stretch,68.160,32.63,4.754,1.361
Stretch3,2-Stretch,68.360,32.697,4.821,1.560
Stretch3,2-Stretch,68.560,32.764,4.888,1.859
Stretch3,2-Stretch,68.760,32.831,4.955,1.660
Stretch3,2-Stretch,68.960,32.898,5.022,1.859
Stretch3,2-Stretch,69.160,32.965,5.089,2.357
Stretch3,2-Stretch,69.360,33.032,5.156,2.357
Stretch3,2-Stretch,69.560,33.099,5.223,2.855
Stretch3,2-Stretch,69.760,33.166,5.29,3.154
Stretch3,2-Stretch,69.960,33.233,5.357,3.353
Stretch3,2-Stretch,70.160,33.3,5.424,3.652
Stretch3,2-Stretch,70.360,33.367,5.491,3.852
Stretch3,2-Stretch,70.560,33.434,5.558,4.350
Stretch3,2-Stretch,70.760,33.502,5.626,4.549
Stretch3,2-Stretch,70.960,33.569,5.693,5.346
Stretch3,2-Stretch,71.160,33.636,5.76,5.645
Stretch3,2-Stretch,71.360,33.703,5.827,6.043
Stretch3,2-Stretch,71.560,33.77,5.894,6.541
Stretch3,2-Stretch,71.760,33.837,5.961,7.040
Stretch3,2-Stretch,71.960,33.904,6.028,7.239
Stretch3,2-Stretch,72.160,33.971,6.095,7.637
Stretch3,2-Stretch,72.360,34.038,6.162,8.434
Stretch3,2-Stretch,72.560,34.105,6.229,9.132
Stretch3,2-Stretch,72.760,34.172,6.296,10.028
Stretch3,2-Stretch,72.960,34.239,6.363,10.726
Stretch3,2-Stretch,73.160,34.306,6.43,11.224
Stretch3,2-Stretch,73.360,34.373,6.497,12.320
Stretch3,2-Stretch,73.560,34.44,6.564,12.818
Stretch3,2-Stretch,73.760,34.507,6.631,13.914
Stretch3,2-Stretch,73.960,34.574,6.698,14.611
Stretch3,2-Stretch,74.160,34.641,6.765,15.707
Stretch3,2-Stretch,74.360,34.708,6.832,16.604
Stretch3,2-Stretch,74.560,34.775,6.899,17.700
Stretch3,2-Stretch,74.760,34.842,6.966,18.596
Stretch3,2-Stretch,74.960,34.909,7.033,19.692
Stretch3,2-Stretch,75.160,34.976,7.1,20.788
Stretch3,2-Stretch,75.360,35.043,7.167,21.784
Stretch3,2-Stretch,75.560,35.11,7.234,23.279
Stretch3,2-Stretch,75.760,35.177,7.301,24.375
Stretch3,2-Stretch,75.960,35.244,7.368,25.570
Stretch3,2-Stretch,76.160,35.312,7.436,27.064
Stretch3,2-Stretch,76.360,35.379,7.503,28.360
Stretch3,2-Stretch,76.560,35.446,7.57,29.655
Stretch3,2-Stretch,76.760,35.513,7.637,31.149
Stretch3,2-Stretch,76.960,35.58,7.704,32.444
Stretch3,2-Stretch,77.160,35.647,7.771,34.138
Stretch3,2-Stretch,77.360,35.714,7.838,35.732
Stretch3,2-Stretch,77.560,35.781,7.905,36.927
Stretch3,2-Stretch,77.760,35.848,7.972,38.721
Stretch3,2-Stretch,77.960,35.915,8.039,40.016
Stretch3,2-Stretch,78.160,35.982,8.106,41.809
Stretch3,2-Stretch,78.360,36.049,8.173,43.304
Stretch3,2-Stretch,78.560,36.116,8.24,44.599
Stretch3,2-Stretch,78.760,36.183,8.307,46.292
Stretch3,2-Stretch,78.960,36.239,8.363,47.388
Stretch3,2-Recover,78.980,36.239,8.363,47.388
Stretch3,2-Recover,79.180,36.083,8.207,40.116
Stretch3,2-Recover,79.380,35.914,8.038,33.042
Stretch3,2-Recover,79.580,35.746,7.87,27.164
Stretch3,2-Recover,79.780,35.578,7.702,22.183
Stretch3,2-Recover,79.980,35.41,7.534,18.397
Stretch3,2-Recover,80.180,35.242,7.366,15.010
Stretch3,2-Recover,80.380,35.074,7.198,12.121
Stretch3,2-Recover,80.580,34.906,7.03,10.128
Stretch3,2-Recover,80.780,34.737,6.861,8.235
Stretch3,2-Recover,80.980,34.569,6.693,6.840
Stretch3,2-Recover,81.180,34.402,6.526,5.545
Stretch3,2-Recover,81.380,34.233,6.357,4.150
Stretch3,2-Recover,81.580,34.065,6.189,3.453
Stretch3,2-Recover,81.780,33.897,6.021,2.656
Stretch3,2-Recover,81.980,33.729,5.853,1.859
Stretch3,2-Recover,82.180,33.561,5.685,1.560
Stretch3,2-Recover,82.380,33.393,5.517,1.162
Stretch3,2-Recover,82.580,33.225,5.349,0.664
Stretch3,2-Recover,82.780,33.056,5.18,0.564
Stretch3,2-Recover,82.980,32.888,5.012,0.365
Stretch3,2-Recover,83.180,32.72,4.844,0.365
Stretch3,2-Recover,83.380,32.552,4.676,0.066
Stretch3,2-Recover,83.580,32.384,4.508,-0.133
Stretch3,2-Recover,83.780,32.216,4.34,0.066
Stretch3,2-Recover,83.980,32.048,4.172,-0.432
Stretch3,2-Recover,84.180,31.88,4.004,-0.233
Stretch3,2-Recover,84.380,31.712,3.836,-0.034
Stretch3,2-Recover,84.580,31.544,3.668,-0.432
Stretch3,2-Recover,84.780,31.375,3.499,-0.133
Stretch3,2-Recover,84.980,31.207,3.331,-0.233
Stretch3,2-Recover,85.180,31.039,3.163,-0.333
Stretch3,2-Recover,85.380,30.871,2.995,-0.233
Stretch3,2-Recover,85.580,30.703,2.827,-0.432
Stretch3,2-Recover,85.780,30.535,2.659,-0.233
Stretch3,2-Recover,85.980,30.367,2.491,-0.034
Stretch3,2-Recover,86.180,30.199,2.323,-0.432
Stretch3,2-Recover,86.380,30.031,2.155,-0.034
Stretch3,2-Recover,86.580,29.863,1.987,-0.233
Stretch3,2-Recover,86.780,29.694,1.818,-0.333
Stretch3,2-Recover,86.980,29.527,1.651,-0.233
Stretch3,2-Recover,87.180,29.358,1.482,-0.233
Stretch3,2-Recover,87.380,29.19,1.314,-0.034
Stretch3,2-Recover,87.580,29.022,1.146,-0.133
Stretch3,2-Recover,87.780,28.854,0.978,-0.233
Stretch3,2-Recover,87.980,28.686,0.81,-0.034
Stretch3,2-Recover,88.180,28.518,0.642,-0.333
Stretch3,2-Recover,88.380,28.35,0.474,-0.133
Stretch3,2-Recover,88.580,28.182,0.306,-0.233
Stretch3,2-Recover,88.780,28.013,0.137,-0.133
Stretch3,2-Recover,88.980,27.876,0,0.066
Stretch3,3-Stretch,88.990,27.876,0,0.066
Stretch3,3-Stretch,89.190,27.94,0.064,-0.034
Stretch3,3-Stretch,89.390,28.007,0.131,-0.034
Stretch3,3-Stretch,89.590,28.074,0.198,0.066
Stretch3,3-Stretch,89.790,28.141,0.265,-0.034
Stretch3,3-Stretch,89.990,28.208,0.332,-0.333
Stretch3,3-Stretch,90.190,28.275,0.399,-0.133
Stretch3,3-Stretch,90.390,28.342,0.466,-0.333
Stretch3,3-Stretch,90.590,28.409,0.533,-0.233
Stretch3,3-Stretch,90.790,28.476,0.6,-0.034
Stretch3,3-Stretch,90.990,28.543,0.667,-0.233
Stretch3,3-Stretch,91.190,28.61,0.734,-0.233
Stretch3,3-Stretch,91.390,28.677,0.801,-0.133
Stretch3,3-Stretch,91.590,28.744,0.868,-0.432
Stretch3,3-Stretch,91.790,28.811,0.935,-0.133
Stretch3,3-Stretch,91.990,28.878,1.002,-0.233
Stretch3,3-Stretch,92.190,28.945,1.069,-0.233
Stretch3,3-Stretch,92.390,29.012,1.136,-0.034
Stretch3,3-Stretch,92.590,29.08,1.204,-0.333
Stretch3,3-Stretch,92.790,29.146,1.27,-0.133
Stretch3,3-Stretch,92.990,29.214,1.338,-0.233
Stretch3,3-Stretch,93.190,29.281,1.405,-0.333
Stretch3,3-Stretch,93.390,29.348,1.472,-0.133
Stretch3,3-Stretch,93.590,29.415,1.539,-0.333
Stretch3,3-Stretch,93.790,29.482,1.606,-0.233
Stretch3,3-Stretch,93.990,29.549,1.673,-0.133
Stretch3,3-Stretch,94.190,29.616,1.74,-0.432
Stretch3,3-Stretch,94.390,29.683,1.807,-0.133
Stretch3,3-Stretch,94.590,29.75,1.874,-0.233
Stretch3,3-Stretch,94.790,29.817,1.941,-0.333
Stretch3,3-Stretch,94.990,29.884,2.008,-0.034
Stretch3,3-Stretch,95.190,29.951,2.075,-0.333
Stretch3,3-Stretch,95.390,30.018,2.142,-0.233
Stretch3,3-Stretch,95.590,30.085,2.209,-0.133
Stretch3,3-Stretch,95.790,30.152,2.276,-0.432
Stretch3,3-Stretch,95.990,30.219,2.343,-0.133
Stretch3,3-Stretch,96.190,30.286,2.41,-0.133
Stretch3,3-Stretch,96.390,30.353,2.477,-0.333
Stretch3,3-Stretch,96.590,30.42,2.544,-0.034
Stretch3,3-Stretch,96.790,30.487,2.611,-0.333
Stretch3,3-Stretch,96.990,30.554,2.678,-0.233
Stretch3,3-Stretch,97.190,30.621,2.745,-0.034
Stretch3,3-Stretch,97.390,30.688,2.812,-0.432
Stretch3,3-Stretch,97.590,30.755,2.879,-0.133
Stretch3,3-Stretch,97.790,30.822,2.946,-0.034
Stretch3,3-Stretch,97.990,30.889,3.013,-0.333
Stretch3,3-Stretch,98.190,30.957,3.081,-0.034
Stretch3,3-Stretch,98.390,31.024,3.148,-0.233
Stretch3,3-Stretch,98.590,31.091,3.215,-0.233
Stretch3,3-Stretch,98.790,31.158,3.282,0.066
Stretch3,3-Stretch,98.990,31.225,3.349,-0.233
Stretch3,3-Stretch,99.190,31.292,3.416,-0.133
Stretch3,3-Stretch,99.390,31.359,3.483,-0.133
Stretch3,3-Stretch,99.590,31.426,3.55,-0.233
Stretch3,3-Stretch,99.790,31.493,3.617,0.165
Stretch3,3-Stretch,99.990,31.56,3.684,-0.034
Stretch3,3-Stretch,100.190,31.627,3.751,0.066
Stretch3,3-Stretch,100.390,31.694,3.818,-0.034
Stretch3,3-Stretch,100.590,31.761,3.885,0.066
Stretch3,3-Stretch,100.790,31.828,3.952,0.066
Stretch3,3-Stretch,100.990,31.895,4.019,0.165
Stretch3,3-Stretch,101.190,31.962,4.086,0.265
Stretch3,3-Stretch,101.390,32.029,4.153,0.365
Stretch3,3-Stretch,101.590,32.096,4.22,0.365
Stretch3,3-Stretch,101.790,32.163,4.287,0.365
Stretch3,3-Stretch,101.990,32.23,4.354,0.365
Stretch3,3-Stretch,102.190,32.297,4.421,0.365
Stretch3,3-Stretch,102.390,32.364,4.488,0.365
Stretch3,3-Stretch,102.590,32.431,4.555,0.464
Stretch3,3-Stretch,102.790,32.498,4.622,0.365
Stretch3,3-Stretch,102.990,32.565,4.689,0.664
Stretch3,3-Stretch,103.190,32.632,4.756,0.464
Stretch3,3-Stretch,103.390,32.7,4.824,0.564
Stretch3,3-Stretch,103.590,32.766,4.89,0.962
Stretch3,3-Stretch,103.790,32.834,4.958,1.062
Stretch3,3-Stretch,103.990,32.901,5.025,1.162
Stretch3,3-Stretch,104.190,32.968,5.092,1.261
Stretch3,3-Stretch,104.390,33.035,5.159,1.261
Stretch3,3-Stretch,104.590,33.102,5.226,1.660
Stretch3,3-Stretch,104.790,33.169,5.293,1.859
Stretch3,3-Stretch,104.990,33.236,5.36,1.859
Stretch3,3-Stretch,105.190,33.303,5.427,1.959
Stretch3,3-Stretch,105.390,33.37,5.494,2.656
Stretch3,3-Stretch,105.590,33.437,5.561,2.656
Stretch3,3-Stretch,105.790,33.504,5.628,3.055
Stretch3,3-Stretch,105.990,33.571,5.695,3.453
Stretch3,3-Stretch,106.190,33.638,5.762,3.553
Stretch3,3-Stretch,106.390,33.705,5.829,3.553
Stretch3,3-Stretch,106.590,33.772,5.896,3.951
Stretch3,3-Stretch,106.790,33.839,5.963,4.649
Stretch3,3-Stretch,106.990,33.906,6.03,5.147
Stretch3,3-Stretch,107.190,33.973,6.097,5.446
Stretch3,3-Stretch,107.390,34.04,6.164,5.844
Stretch3,3-Stretch,107.590,34.107,6.231,6.641
Stretch3,3-Stretch,107.790,34.174,6.298,6.940
Stretch3,3-Stretch,107.990,34.241,6.365,7.239
Stretch3,3-Stretch,108.190,34.308,6.432,7.837
Stretch3,3-Stretch,108.390,34.375,6.499,8.733
Stretch3,3-Stretch,108.590,34.442,6.566,9.231
Stretch3,3-Stretch,108.790,34.509,6.633,10.028
Stretch3,3-Stretch,108.990,34.577,6.701,10.726
Stretch3,3-Stretch,109.190,34.643,6.767,11.324
Stretch3,3-Stretch,109.390,34.711,6.835,12.419
Stretch3,3-Stretch,109.590,34.778,6.902,13.316
Stretch3,3-Stretch,109.790,34.845,6.969,14.512
Stretch3,3-Stretch,109.990,34.912,7.036,15.010
Stretch3,3-Stretch,110.190,34.979,7.103,16.106
Stretch3,3-Stretch,110.390,35.046,7.17,17.002
Stretch3,3-Stretch,110.590,35.113,7.237,18.198
Stretch3,3-Stretch,110.790,35.18,7.304,19.194
Stretch3,3-Stretch,110.990,35.247,7.371,20.290
Stretch3,3-Stretch,111.190,35.314,7.438,21.784
Stretch3,3-Stretch,111.390,35.381,7.505,22.880
Stretch3,3-Stretch,111.590,35.448,7.572,24.175
Stretch3,3-Stretch,111.790,35.515,7.639,25.172
Stretch3,3-Stretch,111.990,35.582,7.706,27.064
Stretch3,3-Stretch,112.190,35.649,7.773,28.559
Stretch3,3-Stretch,112.390,35.716,7.84,29.854
Stretch3,3-Stretch,112.590,35.783,7.907,31.448
Stretch3,3-Stretch,112.790,35.85,7.974,32.843
Stretch3,3-Stretch,112.990,35.917,8.041,34.636
Stretch3,3-Stretch,113.190,35.985,8.109,36.330
Stretch3,3-Stretch,113.390,36.051,8.175,37.824
Stretch3,3-Stretch,113.590,36.119,8.243,39.717
Stretch3,3-Stretch,113.790,36.185,8.309,41.211
Stretch3,3-Stretch,113.990,36.239,8.363,42.507
Stretch3,3-Recover,114.000,36.239,8.363,42.507
Stretch3,3-Recover,114.200,36.086,8.21,35.632
Stretch3,3-Recover,114.400,35.917,8.041,29.057
Stretch3,3-Recover,114.600,35.749,7.873,23.677
Stretch3,3-Recover,114.800,35.581,7.705,19.294
Stretch3,3-Recover,115.000,35.413,7.537,15.707
Stretch3,3-Recover,115.200,35.245,7.369,12.918
Stretch3,3-Recover,115.400,35.077,7.201,10.427
Stretch3,3-Recover,115.600,34.909,7.033,8.235
Stretch3,3-Recover,115.800,34.741,6.865,6.741
Stretch3,3-Recover,116.000,34.572,6.696,5.246
Stretch3,3-Recover,116.200,34.404,6.528,3.852
Stretch3,3-Recover,116.400,34.236,6.36,3.453
Stretch3,3-Recover,116.600,34.068,6.192,2.656
Stretch3,3-Recover,116.800,33.9,6.024,1.759
Stretch3,3-Recover,117.000,33.732,5.856,1.461
Stretch3,3-Recover,117.200,33.564,5.688,1.162
Stretch3,3-Recover,117.400,33.396,5.52,0.763
Stretch3,3-Recover,117.600,33.228,5.352,0.365
Stretch3,3-Recover,117.800,33.06,5.184,0.365
Stretch3,3-Recover,118.000,32.892,5.016,0.265
Stretch3,3-Recover,118.200,32.723,4.847,0.165
Stretch3,3-Recover,118.400,32.555,4.679,-0.034
Stretch3,3-Recover,118.600,32.387,4.511,-0.133
Stretch3,3-Recover,118.800,32.219,4.343,-0.432
Stretch3,3-Recover,119.000,32.051,4.175,-0.133
Stretch3,3-Recover,119.200,31.883,4.007,-0.333
Stretch3,3-Recover,119.400,31.715,3.839,-0.333
Stretch3,3-Recover,119.600,31.547,3.671,-0.034
Stretch3,3-Recover,119.800,31.379,3.503,-0.333
Stretch3,3-Recover,120.000,31.211,3.335,-0.133
Stretch3,3-Recover,120.200,31.042,3.166,-0.233
Stretch3,3-Recover,120.400,30.874,2.998,-0.333
Stretch3,3-Recover,120.600,30.706,2.83,-0.133
Stretch3,3-Recover,120.800,30.538,2.662,-0.233
Stretch3,3-Recover,121.000,30.37,2.494,-0.333
Stretch3,3-Recover,121.200,30.202,2.326,-0.034
Stretch3,3-Recover,121.400,30.034,2.158,-0.233
Stretch3,3-Recover,121.600,29.866,1.99,-0.233
Stretch3,3-Recover,121.800,29.698,1.822,-0.133
Stretch3,3-Recover,122.000,29.53,1.654,-0.333
Stretch3,3-Recover,122.200,29.361,1.485,-0.133
Stretch3,3-Recover,122.400,29.193,1.317,-0.333
Stretch3,3-Recover,122.600,29.025,1.149,-0.034
Stretch3,3-Recover,122.800,28.857,0.981,-0.133
Stretch3,3-Recover,123.000,28.689,0.813,-0.133
Stretch3,3-Recover,123.200,28.521,0.645,-0.133
Stretch3,3-Recover,123.400,28.353,0.477,0.066
Stretch3,3-Recover,123.600,28.185,0.309,0.066
Stretch3,3-Recover,123.800,28.017,0.141,-0.133
Stretch3,3-Recover,124.000,27.876,0,-0.034
Stretch3,4-Stretch,124.010,27.876,0,-0.034
Stretch3,4-Stretch,124.210,27.939,0.063,0.066
Stretch3,4-Stretch,124.410,28.006,0.13,-0.233
Stretch3,4-Stretch,124.610,28.073,0.197,-0.133
Stretch3,4-Stretch,124.810,28.14,0.264,-0.233
Stretch3,4-Stretch,125.010,28.207,0.331,-0.034
Stretch3,4-Stretch,125.210,28.274,0.398,-0.233
Stretch3,4-Stretch,125.410,28.341,0.465,-0.233
Stretch3,4-Stretch,125.610,28.408,0.532,-0.034
Stretch3,4-Stretch,125.810,28.475,0.599,-0.333
Stretch3,4-Stretch,126.010,28.542,0.666,-0.133
Stretch3,4-Stretch,126.210,28.609,0.733,-0.432
Stretch3,4-Stretch,126.410,28.676,0.8,-0.233
Stretch3,4-Stretch,126.610,28.743,0.867,-0.133
Stretch3,4-Stretch,126.810,28.81,0.934,-0.333
Stretch3,4-Stretch,127.010,28.878,1.002,-0.133
Stretch3,4-Stretch,127.210,28.945,1.069,-0.333
Stretch3,4-Stretch,127.410,29.012,1.136,-0.233
Stretch3,4-Stretch,127.610,29.079,1.203,-0.133
Stretch3,4-Stretch,127.810,29.146,1.27,-0.333
Stretch3,4-Stretch,128.010,29.213,1.337,-0.233
Stretch3,4-Stretch,128.210,29.28,1.404,-0.133
Stretch3,4-Stretch,128.410,29.347,1.471,-0.432
Stretch3,4-Stretch,128.610,29.414,1.538,-0.233
Stretch3,4-Stretch,128.810,29.481,1.605,-0.333
Stretch3,4-Stretch,129.010,29.548,1.672,-0.333
Stretch3,4-Stretch,129.210,29.615,1.739,-0.034
Stretch3,4-Stretch,129.410,29.682,1.806,-0.432
Stretch3,4-Stretch,129.610,29.749,1.873,-0.233
Stretch3,4-Stretch,129.810,29.816,1.94,-0.133
Stretch3,4-Stretch,130.010,29.883,2.007,-0.432
Stretch3,4-Stretch,130.210,29.95,2.074,-0.133
Stretch3,4-Stretch,130.410,30.017,2.141,-0.233
Stretch3,4-Stretch,130.610,30.084,2.208,-0.333
Stretch3,4-Stretch,130.810,30.151,2.275,-0.034
Stretch3,4-Stretch,131.010,30.218,2.342,-0.432
Stretch3,4-Stretch,131.210,30.285,2.409,-0.233
Stretch3,4-Stretch,131.410,30.352,2.476,-0.034
Stretch3,4-Stretch,131.610,30.419,2.543,-0.432
Stretch3,4-Stretch,131.810,30.486,2.61,-0.133
Stretch3,4-Stretch,132.010,30.553,2.677,-0.233
Stretch3,4-Stretch,132.210,30.62,2.744,-0.333
Stretch3,4-Stretch,132.410,30.688,2.812,-0.133
Stretch3,4-Stretch,132.610,30.755,2.879,-0.432
Stretch3,4-Stretch,132.810,30.822,2.946,-0.233
Stretch3,4-Stretch,133.010,30.889,3.013,-0.133
Stretch3,4-Stretch,133.210,30.956,3.08,-0.333
Stretch3,4-Stretch,133.410,31.023,3.147,-0.133
Stretch3,4-Stretch,133.610,31.09,3.214,-0.333
Stretch3,4-Stretch,133.810,31.157,3.281,-0.333
Stretch3,4-Stretch,134.010,31.224,3.348,-0.034
Stretch3,4-Stretch,134.210,31.291,3.415,-0.432
Stretch3,4-Stretch,134.410,31.358,3.482,-0.133
Stretch3,4-Stretch,134.610,31.425,3.549,0.066
Stretch3,4-Stretch,134.810,31.492,3.616,-0.333
Stretch3,4-Stretch,135.010,31.559,3.683,-0.034
Stretch3,4-Stretch,135.210,31.626,3.75,-0.133
Stretch3,4-Stretch,135.410,31.693,3.817,-0.333
Stretch3,4-Stretch,135.610,31.76,3.884,0.066
Stretch3,4-Stretch,135.810,31.827,3.951,-0.133
Stretch3,4-Stretch,136.010,31.894,4.018,0.165
Stretch3,4-Stretch,136.210,31.961,4.085,0.165
Stretch3,4-Stretch,136.410,32.028,4.152,0.066
Stretch3,4-Stretch,136.610,32.095,4.219,0.265
Stretch3,4-Stretch,136.810,32.162,4.286,0.365
Stretch3,4-Stretch,137.010,32.229,4.353,0.365
Stretch3,4-Stretch,137.210,32.296,4.42,0.365
Stretch3,4-Stretch,137.410,32.363,4.487,0.365
Stretch3,4-Stretch,137.610,32.43,4.554,0.365
Stretch3,4-Stretch,137.810,32.497,4.621,0.365
Stretch3,4-Stretch,138.010,32.565,4.689,0.365
Stretch3,4-Stretch,138.210,32.632,4.756,0.464
Stretch3,4-Stretch,138.410,32.699,4.823,0.365
Stretch3,4-Stretch,138.610,32.766,4.89,0.464
Stretch3,4-Stretch,138.810,32.833,4.957,0.664
Stretch3,4-Stretch,139.010,32.9,5.024,0.664
Stretch3,4-Stretch,139.210,32.967,5.091,1.062
Stretch3,4-Stretch,139.410,33.034,5.158,1.162
Stretch3,4-Stretch,139.610,33.101,5.225,1.162
Stretch3,4-Stretch,139.810,33.168,5.292,1.461
Stretch3,4-Stretch,140.010,33.235,5.359,1.361
Stretch3,4-Stretch,140.210,33.302,5.426,1.660
Stretch3,4-Stretch,140.410,33.369,5.493,1.560
Stretch3,4-Stretch,140.610,33.436,5.56,1.859
Stretch3,4-Stretch,140.810,33.503,5.627,2.058
Stretch3,4-Stretch,141.010,33.57,5.694,2.258
Stretch3,4-Stretch,141.210,33.637,5.761,2.656
Stretch3,4-Stretch,141.410,33.704,5.828,2.955
Stretch3,4-Stretch,141.610,33.771,5.895,3.453
Stretch3,4-Stretch,141.810,33.838,5.962,3.553
Stretch3,4-Stretch,142.010,33.905,6.029,3.852
Stretch3,4-Stretch,142.210,33.973,6.097,4.150
Stretch3,4-Stretch,142.410,34.04,6.164,4.449
Stretch3,4-Stretch,142.610,34.106,6.23,4.947
Stretch3,4-Stretch,142.810,34.173,6.297,5.545
Stretch3,4-Stretch,143.010,34.24,6.364,5.744
Stretch3,4-Stretch,143.210,34.307,6.431,6.442
Stretch3,4-Stretch,143.410,34.374,6.498,7.338
Stretch3,4-Stretch,143.610,34.442,6.566,7.538
Stretch3,4-Stretch,143.810,34.509,6.633,8.235
Stretch3,4-Stretch,144.010,34.576,6.7,9.132
Stretch3,4-Stretch,144.210,34.643,6.767,9.530
Stretch3,4-Stretch,144.410,34.71,6.834,10.427
Stretch3,4-Stretch,144.610,34.777,6.901,10.825
Stretch3,4-Stretch,144.810,34.844,6.968,11.622
Stretch3,4-Stretch,145.010,34.911,7.035,12.619
Stretch3,4-Stretch,145.210,34.978,7.102,13.715
Stretch3,4-Stretch,145.410,35.045,7.169,14.412
Stretch3,4-Stretch,145.610,35.112,7.236,15.508
Stretch3,4-Stretch,145.810,35.179,7.303,16.305
Stretch3,4-Stretch,146.010,35.246,7.37,17.799
Stretch3,4-Stretch,146.210,35.313,7.437,18.596
Stretch3,4-Stretch,146.410,35.38,7.504,19.991
Stretch3,4-Stretch,146.610,35.447,7.571,21.485
Stretch3,4-Stretch,146.810,35.514,7.638,22.482
Stretch3,4-Stretch,147.010,35.581,7.705,23.777
Stretch3,4-Stretch,147.210,35.648,7.772,25.371
Stretch3,4-Stretch,147.410,35.715,7.839,26.766
Stretch3,4-Stretch,147.610,35.783,7.907,28.360
Stretch3,4-Stretch,147.810,35.85,7.974,29.555
Stretch3,4-Stretch,148.010,35.917,8.041,31.348
Stretch3,4-Stretch,148.210,35.984,8.108,32.843
Stretch3,4-Stretch,148.410,36.051,8.175,34.536
Stretch3,4-Stretch,148.610,36.118,8.242,36.230
Stretch3,4-Stretch,148.810,36.185,8.309,37.824
Stretch3,4-Stretch,149.010,36.239,8.363,39.219
Stretch3,4-Recover,149.030,36.239,8.363,39.119
Stretch3,4-Recover,149.230,36.078,8.202,32.544
Stretch3,4-Recover,149.430,35.91,8.034,26.168
Stretch3,4-Recover,149.630,35.742,7.866,21.286
Stretch3,4-Recover,149.830,35.574,7.698,17.600
Stretch3,4-Recover,150.030,35.406,7.53,14.013
Stretch3,4-Recover,150.230,35.238,7.362,10.925
Stretch3,4-Recover,150.430,35.069,7.193,8.932
Stretch3,4-Recover,150.630,34.902,7.026,7.239
Stretch3,4-Recover,150.830,34.733,6.857,5.744
Stretch3,4-Recover,151.030,34.565,6.689,4.449
Stretch3,4-Recover,151.230,34.397,6.521,3.453
Stretch3,4-Recover,151.430,34.229,6.353,2.656
Stretch3,4-Recover,151.630,34.061,6.185,1.859
Stretch3,4-Recover,151.830,33.893,6.017,1.560
Stretch3,4-Recover,152.030,33.725,5.849,1.162
Stretch3,4-Recover,152.230,33.557,5.681,0.863
Stretch3,4-Recover,152.430,33.388,5.512,0.365
Stretch3,4-Recover,152.630,33.221,5.345,0.365
Stretch3,4-Recover,152.830,33.052,5.176,0.265
Stretch3,4-Recover,153.030,32.884,5.008,-0.133
Stretch3,4-Recover,153.230,32.716,4.84,-0.034
Stretch3,4-Recover,153.430,32.548,4.672,-0.333
Stretch3,4-Recover,153.630,32.38,4.504,-0.233
Stretch3,4-Recover,153.830,32.212,4.336,-0.034
Stretch3,4-Recover,154.030,32.044,4.168,-0.432
Stretch3,4-Recover,154.230,31.876,4,-0.233
Stretch3,4-Recover,154.430,31.708,3.832,-0.233
Stretch3,4-Recover,154.630,31.54,3.664,-0.233
Stretch3,4-Recover,154.830,31.371,3.495,-0.233
Stretch3,4-Recover,155.030,31.203,3.327,-0.333
Stretch3,4-Recover,155.230,31.036,3.16,-0.333
Stretch3,4-Recover,155.430,30.867,2.991,-0.133
Stretch3,4-Recover,155.630,30.699,2.823,-0.233
Stretch3,4-Recover,155.830,30.531,2.655,-0.133
Stretch3,4-Recover,156.030,30.363,2.487,-0.233
Stretch3,4-Recover,156.230,30.195,2.319,-0.233
Stretch3,4-Recover,156.430,30.027,2.151,-0.233
Stretch3,4-Recover,156.630,29.859,1.983,-0.333
Stretch3,4-Recover,156.830,29.69,1.814,-0.233
Stretch3,4-Recover,157.030,29.522,1.646,-0.034
Stretch3,4-Recover,157.230,29.354,1.478,-0.233
Stretch3,4-Recover,157.430,29.186,1.31,-0.133
Stretch3,4-Recover,157.630,29.018,1.142,-0.233
Stretch3,4-Recover,157.830,28.85,0.974,0.066
Stretch3,4-Recover,158.030,28.682,0.806,-0.133
Stretch3,4-Recover,158.230,28.514,0.638,-0.133
Stretch3,4-Recover,158.430,28.346,0.47,0.066
Stretch3,4-Recover,158.630,28.178,0.302,-0.133
Stretch3,4-Recover,158.830,28.009,0.133,0.066
Stretch3,5-Stretch,159.030,27.876,0,-0.133
Stretch3,5-Stretch,159.230,27.938,0.062,-0.034
Stretch3,5-Stretch,159.430,28.005,0.129,0.165
Stretch3,5-Stretch,159.630,28.072,0.196,-0.034
Stretch3,5-Stretch,159.830,28.139,0.263,-0.034
Stretch3,5-Stretch,160.030,28.206,0.33,0.165
Stretch3,5-Stretch,160.230,28.273,0.397,-0.233
Stretch3,5-Stretch,160.430,28.34,0.464,0.066
Stretch3,5-Stretch,160.630,28.407,0.531,-0.233
Stretch3,5-Stretch,160.830,28.474,0.598,-0.034
Stretch3,5-Stretch,161.030,28.542,0.666,-0.133
Stretch3,5-Stretch,161.230,28.609,0.733,-0.233
Stretch3,5-Stretch,161.430,28.676,0.8,-0.233
Stretch3,5-Stretch,161.630,28.743,0.867,-0.133
Stretch3,5-Stretch,161.830,28.81,0.934,-0.133
Stretch3,5-Stretch,162.030,28.877,1.001,-0.432
Stretch3,5-Stretch,162.230,28.944,1.068,-0.133
Stretch3,5-Stretch,162.430,29.011,1.135,-0.034
Stretch3,5-Stretch,162.630,29.078,1.202,-0.432
Stretch3,5-Stretch,162.830,29.145,1.269,-0.133
Stretch3,5-Stretch,163.030,29.212,1.336,-0.333
Stretch3,5-Stretch,163.230,29.279,1.403,-0.233
Stretch3,5-Stretch,163.430,29.346,1.47,-0.133
Stretch3,5-Stretch,163.630,29.413,1.537,-0.432
Stretch3,5-Stretch,163.830,29.48,1.604,-0.133
Stretch3,5-Stretch,164.030,29.547,1.671,-0.233
Stretch3,5-Stretch,164.230,29.614,1.738,-0.333
Stretch3,5-Stretch,164.430,29.681,1.805,-0.034
Stretch3,5-Stretch,164.630,29.748,1.872,-0.333
Stretch3,5-Stretch,164.830,29.815,1.939,-0.233
Stretch3,5-Stretch,165.030,29.882,2.006,-0.133
Stretch3,5-Stretch,165.230,29.949,2.073,-0.432
Stretch3,5-Stretch,165.430,30.016,2.14,-0.133
Stretch3,5-Stretch,165.630,30.083,2.207,-0.233
Stretch3,5-Stretch,165.830,30.15,2.274,-0.333
Stretch3,5-Stretch,166.030,30.217,2.341,-0.034
Stretch3,5-Stretch,166.230,30.284,2.408,-0.333
Stretch3,5-Stretch,166.430,30.351,2.475,-0.233
Stretch3,5-Stretch,166.630,30.419,2.543,-0.034
Stretch3,5-Stretch,166.830,30.486,2.61,-0.432
Stretch3,5-Stretch,167.030,30.553,2.677,-0.133
Stretch3,5-Stretch,167.230,30.62,2.744,-0.133
Stretch3,5-Stretch,167.430,30.687,2.811,-0.333
Stretch3,5-Stretch,167.630,30.754,2.878,-0.034
Stretch3,5-Stretch,167.830,30.821,2.945,-0.333
Stretch3,5-Stretch,168.030,30.888,3.012,-0.233
Stretch3,5-Stretch,168.230,30.955,3.079,-0.034
Stretch3,5-Stretch,168.430,31.022,3.146,-0.432
Stretch3,5-Stretch,168.630,31.089,3.213,-0.133
Stretch3,5-Stretch,168.830,31.156,3.28,-0.133
Stretch3,5-Stretch,169.030,31.223,3.347,-0.333
Stretch3,5-Stretch,169.230,31.29,3.414,0.066
Stretch3,5-Stretch,169.430,31.357,3.481,-0.333
Stretch3,5-Stretch,169.630,31.424,3.548,-0.233
Stretch3,5-Stretch,169.830,31.491,3.615,-0.034
Stretch3,5-Stretch,170.030,31.558,3.682,-0.333
Stretch3,5-Stretch,170.230,31.625,3.749,-0.034
Stretch3,5-Stretch,170.430,31.692,3.816,0.066
Stretch3,5-Stretch,170.630,31.759,3.883,-0.233
Stretch3,5-Stretch,170.830,31.827,3.951,0.066
Stretch3,5-Stretch,171.030,31.894,4.018,0.066
Stretch3,5-Stretch,171.230,31.961,4.085,-0.034
Stretch3,5-Stretch,171.430,32.027,4.151,0.165
Stretch3,5-Stretch,171.630,32.094,4.218,0.066
Stretch3,5-Stretch,171.830,32.161,4.285,0.165
Stretch3,5-Stretch,172.030,32.228,4.352,-0.034
Stretch3,5-Stretch,172.230,32.296,4.42,0.265
Stretch3,5-Stretch,172.430,32.363,4.487,0.365
Stretch3,5-Stretch,172.630,32.43,4.554,0.365
Stretch3,5-Stretch,172.830,32.497,4.621,0.365
Stretch3,5-Stretch,173.030,32.564,4.688,0.365
Stretch3,5-Stretch,173.230,32.631,4.755,0.365
Stretch3,5-Stretch,173.430,32.698,4.822,0.365
Stretch3,5-Stretch,173.630,32.765,4.889,0.464
Stretch3,5-Stretch,173.830,32.832,4.956,0.365
Stretch3,5-Stretch,174.030,32.899,5.023,0.763
Stretch3,5-Stretch,174.230,32.966,5.09,0.464
Stretch3,5-Stretch,174.430,33.033,5.157,0.564
Stretch3,5-Stretch,174.630,33.1,5.224,0.962
Stretch3,5-Stretch,174.830,33.167,5.291,1.162
Stretch3,5-Stretch,175.030,33.234,5.358,1.162
Stretch3,5-Stretch,175.230,33.301,5.425,1.261
Stretch3,5-Stretch,175.430,33.368,5.492,1.261
Stretch3,5-Stretch,175.630,33.435,5.559,1.759
Stretch3,5-Stretch,175.830,33.502,5.626,1.759
Stretch3,5-Stretch,176.030,33.569,5.693,1.859
Stretch3,5-Stretch,176.230,33.636,5.76,2.158
Stretch3,5-Stretch,176.430,33.704,5.828,2.656
Stretch3,5-Stretch,176.630,33.771,5.895,2.756
Stretch3,5-Stretch,176.830,33.838,5.962,3.154
Stretch3,5-Stretch,177.030,33.905,6.029,3.453
Stretch3,5-Stretch,177.230,33.972,6.096,3.553
Stretch3,5-Stretch,177.430,34.039,6.163,3.553
Stretch3,5-Stretch,177.630,34.106,6.23,4.350
Stretch3,5-Stretch,177.830,34.173,6.297,4.748
Stretch3,5-Stretch,178.030,34.24,6.364,5.147
Stretch3,5-Stretch,178.230,34.307,6.431,5.545
Stretch3,5-Stretch,178.430,34.374,6.498,6.243
Stretch3,5-Stretch,178.630,34.441,6.565,6.741
Stretch3,5-Stretch,178.830,34.508,6.632,7.239
Stretch3,5-Stretch,179.030,34.575,6.699,7.637
Stretch3,5-Stretch,179.230,34.642,6.766,8.335
Stretch3,5-Stretch,179.430,34.709,6.833,9.032
Stretch3,5-Stretch,179.630,34.776,6.9,9.630
Stretch3,5-Stretch,179.830,34.843,6.967,10.626
Stretch3,5-Stretch,180.030,34.91,7.034,11.025
Stretch3,5-Stretch,180.230,34.977,7.101,12.021
Stretch3,5-Stretch,180.430,35.044,7.168,12.818
Stretch3,5-Stretch,180.630,35.111,7.235,13.914
Stretch3,5-Stretch,180.830,35.178,7.302,14.711
Stretch3,5-Stretch,181.030,35.245,7.369,16.006
Stretch3,5-Stretch,181.230,35.312,7.436,17.102
Stretch3,5-Stretch,181.430,35.379,7.503,18.098
Stretch3,5-Stretch,181.630,35.447,7.571,19.194
Stretch3,5-Stretch,181.830,35.514,7.638,20.489
Stretch3,5-Stretch,182.030,35.581,7.705,21.884
Stretch3,5-Stretch,182.230,35.648,7.772,23.079
Stretch3,5-Stretch,182.430,35.715,7.839,24.574
Stretch3,5-Stretch,182.630,35.782,7.906,25.869
Stretch3,5-Stretch,182.830,35.849,7.973,27.463
Stretch3,5-Stretch,183.030,35.916,8.04,28.957
Stretch3,5-Stretch,183.230,35.983,8.107,30.651
Stretch3,5-Stretch,183.430,36.05,8.174,32.345
Stretch3,5-Stretch,183.630,36.117,8.241,33.939
Stretch3,5-Stretch,183.830,36.184,8.308,35.632
Stretch3,5-Stretch,184.030,36.239,8.363,37.027
Stretch3,5-Recover,184.050,36.239,8.363,36.828
Stretch3,5-Recover,184.250,36.08,8.204,30.452
Stretch3,5-Recover,184.450,35.913,8.037,24.574
Stretch3,5-Recover,184.650,35.744,7.868,19.792
Stretch3,5-Recover,184.850,35.576,7.7,15.906
Stretch3,5-Recover,185.050,35.408,7.532,12.818
Stretch3,5-Recover,185.250,35.24,7.364,10.327
Stretch3,5-Recover,185.450,35.072,7.196,8.135
Stretch3,5-Recover,185.650,34.903,7.027,6.641
Stretch3,5-Recover,185.850,34.736,6.86,5.346
Stretch3,5-Recover,186.050,34.568,6.692,3.553
Stretch3,5-Recover,186.250,34.399,6.523,3.254
Stretch3,5-Recover,186.450,34.232,6.356,2.258
Stretch3,5-Recover,186.650,34.063,6.187,1.859
Stretch3,5-Recover,186.850,33.895,6.019,1.361
Stretch3,5-Recover,187.050,33.727,5.851,1.062
Stretch3,5-Recover,187.250,33.559,5.683,0.464
Stretch3,5-Recover,187.450,33.391,5.515,0.564
Stretch3,5-Recover,187.650,33.222,5.346,0.365
Stretch3,5-Recover,187.850,33.055,5.179,0.365
Stretch3,5-Recover,188.050,32.886,5.01,0.265
Stretch3,5-Recover,188.250,32.718,4.842,0.066
Stretch3,5-Recover,188.450,32.551,4.675,-0.034
Stretch3,5-Recover,188.650,32.382,4.506,-0.233
Stretch3,5-Recover,188.850,32.214,4.338,-0.333
Stretch3,5-Recover,189.050,32.046,4.17,-0.034
Stretch3,5-Recover,189.250,31.878,4.002,-0.333
Stretch3,5-Recover,189.450,31.71,3.834,-0.233
Stretch3,5-Recover,189.650,31.541,3.665,-0.034
Stretch3,5-Recover,189.850,31.374,3.498,-0.432
Stretch3,5-Recover,190.050,31.205,3.329,-0.133
Stretch3,5-Recover,190.250,31.037,3.161,-0.233
Stretch3,5-Recover,190.450,30.87,2.994,-0.333
Stretch3,5-Recover,190.650,30.701,2.825,-0.034
Stretch3,5-Recover,190.850,30.533,2.657,-0.432
Stretch3,5-Recover,191.050,30.365,2.489,-0.333
Stretch3,5-Recover,191.250,30.197,2.321,-0.333
Stretch3,5-Recover,191.450,30.029,2.153,-0.233
Stretch3,5-Recover,191.650,29.86,1.984,-0.133
Stretch3,5-Recover,191.850,29.693,1.817,-0.233
Stretch3,5-Recover,192.050,29.524,1.648,-0.133
Stretch3,5-Recover,192.250,29.356,1.48,-0.034
Stretch3,5-Recover,192.450,29.189,1.313,-0.333
Stretch3,5-Recover,192.650,29.02,1.144,-0.233
Stretch3,5-Recover,192.850,28.852,0.976,-0.333
Stretch3,5-Recover,193.050,28.684,0.808,0.066
Stretch3,5-Recover,193.250,28.516,0.64,-0.034
Stretch3,5-Recover,193.450,28.348,0.472,-0.034
Stretch3,5-Recover,193.650,28.18,0.304,-0.133
Stretch3,5-Recover,193.850,28.012,0.136,-0.133
Stretch3.5,1-Stretch,194.050,27.876,0,-0.034
Stretch3.5,1-Stretch,194.250,27.947,0.071,-0.233
Stretch3.5,1-Stretch,194.450,28.026,0.15,-0.233
Stretch3.5,1-Stretch,194.650,28.104,0.228,-0.233
Stretch3.5,1-Stretch,194.850,28.182,0.306,-0.034
Stretch3.5,1-Stretch,195.050,28.26,0.384,-0.034
Stretch3.5,1-Stretch,195.250,28.338,0.462,-0.133
Stretch3.5,1-Stretch,195.450,28.417,0.541,-0.133
Stretch3.5,1-Stretch,195.650,28.495,0.619,-0.233
Stretch3.5,1-Stretch,195.850,28.573,0.697,-0.233
Stretch3.5,1-Stretch,196.050,28.651,0.775,-0.034
Stretch3.5,1-Stretch,196.250,28.729,0.853,-0.333
Stretch3.5,1-Stretch,196.450,28.808,0.932,-0.133
Stretch3.5,1-Stretch,196.650,28.886,1.01,-0.333
Stretch3.5,1-Stretch,196.850,28.964,1.088,-0.233
Stretch3.5,1-Stretch,197.050,29.043,1.167,-0.034
Stretch3.5,1-Stretch,197.250,29.121,1.245,-0.432
Stretch3.5,1-Stretch,197.450,29.199,1.323,-0.233
Stretch3.5,1-Stretch,197.650,29.277,1.401,-0.133
Stretch3.5,1-Stretch,197.850,29.355,1.479,-0.432
Stretch3.5,1-Stretch,198.050,29.433,1.557,-0.233
Stretch3.5,1-Stretch,198.250,29.512,1.636,-0.333
Stretch3.5,1-Stretch,198.450,29.59,1.714,-0.333
Stretch3.5,1-Stretch,198.650,29.668,1.792,-0.034
Stretch3.5,1-Stretch,198.850,29.746,1.87,-0.432
Stretch3.5,1-Stretch,199.050,29.825,1.949,-0.233
Stretch3.5,1-Stretch,199.250,29.903,2.027,-0.034
Stretch3.5,1-Stretch,199.450,29.981,2.105,-0.432
Stretch3.5,1-Stretch,199.650,30.059,2.183,-0.133
Stretch3.5,1-Stretch,199.850,30.138,2.262,-0.333
Stretch3.5,1-Stretch,200.050,30.215,2.339,-0.333
Stretch3.5,1-Stretch,200.250,30.294,2.418,-0.034
Stretch3.5,1-Stretch,200.450,30.372,2.496,-0.432
Stretch3.5,1-Stretch,200.650,30.45,2.574,-0.233
Stretch3.5,1-Stretch,200.850,30.528,2.652,-0.133
Stretch3.5,1-Stretch,201.050,30.607,2.731,-0.432
Stretch3.5,1-Stretch,201.250,30.685,2.809,-0.133
Stretch3.5,1-Stretch,201.450,30.763,2.887,-0.233
Stretch3.5,1-Stretch,201.650,30.841,2.965,-0.333
Stretch3.5,1-Stretch,201.850,30.92,3.044,-0.034
Stretch3.5,1-Stretch,202.050,30.998,3.122,-0.432
Stretch3.5,1-Stretch,202.250,31.076,3.2,-0.233
Stretch3.5,1-Stretch,202.450,31.154,3.278,-0.034
Stretch3.5,1-Stretch,202.650,31.233,3.357,-0.333
Stretch3.5,1-Stretch,202.850,31.31,3.434,-0.133
Stretch3.5,1-Stretch,203.050,31.389,3.513,-0.233
Stretch3.5,1-Stretch,203.250,31.467,3.591,-0.333
Stretch3.5,1-Stretch,203.450,31.545,3.669,-0.034
Stretch3.5,1-Stretch,203.650,31.623,3.747,-0.333
Stretch3.5,1-Stretch,203.850,31.702,3.826,-0.133
Stretch3.5,1-Stretch,204.050,31.78,3.904,-0.034
Stretch3.5,1-Stretch,204.250,31.858,3.982,-0.034
Stretch3.5,1-Stretch,204.450,31.936,4.06,0.066
Stretch3.5,1-Stretch,204.650,32.015,4.139,-0.133
Stretch3.5,1-Stretch,204.850,32.093,4.217,-0.133
Stretch3.5,1-Stretch,205.050,32.171,4.295,0.066
Stretch3.5,1-Stretch,205.250,32.249,4.373,0.066
Stretch3.5,1-Stretch,205.450,32.327,4.451,0.165
Stretch3.5,1-Stretch,205.650,32.405,4.529,0.365
Stretch3.5,1-Stretch,205.850,32.484,4.608,0.365
Stretch3.5,1-Stretch,206.050,32.562,4.686,0.365
Stretch3.5,1-Stretch,206.250,32.64,4.764,0.365
Stretch3.5,1-Stretch,206.450,32.718,4.842,0.365
Stretch3.5,1-Stretch,206.650,32.797,4.921,0.365
Stretch3.5,1-Stretch,206.850,32.875,4.999,0.365
Stretch3.5,1-Stretch,207.050,32.953,5.077,0.464
Stretch3.5,1-Stretch,207.250,33.031,5.155,0.763
Stretch3.5,1-Stretch,207.450,33.11,5.234,0.365
Stretch3.5,1-Stretch,207.650,33.188,5.312,0.863
Stretch3.5,1-Stretch,207.850,33.266,5.39,1.162
Stretch3.5,1-Stretch,208.050,33.344,5.468,1.162
Stretch3.5,1-Stretch,208.250,33.422,5.546,1.461
Stretch3.5,1-Stretch,208.450,33.501,5.625,1.361
Stretch3.5,1-Stretch,208.650,33.579,5.703,1.859
Stretch3.5,1-Stretch,208.850,33.657,5.781,1.759
Stretch3.5,1-Stretch,209.050,33.735,5.859,2.058
Stretch3.5,1-Stretch,209.250,33.813,5.937,2.457
Stretch3.5,1-Stretch,209.450,33.892,6.016,2.756
Stretch3.5,1-Stretch,209.650,33.97,6.094,3.353
Stretch3.5,1-Stretch,209.850,34.048,6.172,3.553
Stretch3.5,1-Stretch,210.050,34.126,6.25,3.553
Stretch3.5,1-Stretch,210.250,34.205,6.329,4.350
Stretch3.5,1-Stretch,210.450,34.283,6.407,4.748
Stretch3.5,1-Stretch,210.650,34.361,6.485,5.147
Stretch3.5,1-Stretch,210.850,34.439,6.563,5.744
Stretch3.5,1-Stretch,211.050,34.517,6.641,6.541
Stretch3.5,1-Stretch,211.250,34.596,6.72,7.338
Stretch3.5,1-Stretch,211.450,34.674,6.798,7.538
Stretch3.5,1-Stretch,211.650,34.752,6.876,8.335
Stretch3.5,1-Stretch,211.850,34.83,6.954,9.132
Stretch3.5,1-Stretch,212.050,34.908,7.032,10.128
Stretch3.5,1-Stretch,212.250,34.987,7.111,10.726
Stretch3.5,1-Stretch,212.450,35.065,7.189,12.021
Stretch3.5,1-Stretch,212.650,35.143,7.267,13.017
Stretch3.5,1-Stretch,212.850,35.221,7.345,14.512
Stretch3.5,1-Stretch,213.050,35.299,7.423,15.309
Stretch3.5,1-Stretch,213.250,35.378,7.502,16.604
Stretch3.5,1-Stretch,213.450,35.456,7.58,18.098
Stretch3.5,1-Stretch,213.650,35.534,7.658,19.493
Stretch3.5,1-Stretch,213.850,35.612,7.736,20.888
Stretch3.5,1-Stretch,214.050,35.69,7.814,22.282
Stretch3.5,1-Stretch,214.250,35.769,7.893,23.976
Stretch3.5,1-Stretch,214.450,35.847,7.971,25.470
Stretch3.5,1-Stretch,214.650,35.925,8.049,27.563
Stretch3.5,1-Stretch,214.850,36.003,8.127,29.256
Stretch3.5,1-Stretch,215.050,36.082,8.206,31.249
Stretch3.5,1-Stretch,215.250,36.16,8.284,33.241
Stretch3.5,1-Stretch,215.450,36.238,8.362,35.333
Stretch3.5,1-Stretch,215.650,36.316,8.44,37.226
Stretch3.5,1-Stretch,215.850,36.394,8.518,39.418
Stretch3.5,1-Stretch,216.050,36.473,8.597,40.913
Stretch3.5,1-Stretch,216.250,36.551,8.675,43.005
Stretch3.5,1-Stretch,216.450,36.629,8.753,44.798
Stretch3.5,1-Stretch,216.650,36.707,8.831,46.890
Stretch3.5,1-Stretch,216.850,36.785,8.909,48.584
Stretch3.5,1-Stretch,217.050,36.864,8.988,50.676
Stretch3.5,1-Stretch,217.250,36.942,9.066,52.170
Stretch3.5,1-Stretch,217.450,37.02,9.144,54.163
Stretch3.5,1-Stretch,217.650,37.098,9.222,55.558
Stretch3.5,1-Stretch,217.850,37.176,9.3,57.450
Stretch3.5,1-Stretch,218.050,37.255,9.379,59.044
Stretch3.5,1-Stretch,218.250,37.333,9.457,60.738
Stretch3.5,1-Stretch,218.450,37.411,9.535,62.133
Stretch3.5,1-Stretch,218.650,37.489,9.613,63.926
Stretch3.5,1-Stretch,218.850,37.568,9.692,65.421
Stretch3.5,1-Stretch,219.050,37.633,9.757,66.516
Stretch3.5,1-Recover,219.070,37.633,9.757,66.317
Stretch3.5,1-Recover,219.270,37.45,9.574,55.856
Stretch3.5,1-Recover,219.470,37.254,9.378,45.695
Stretch3.5,1-Recover,219.670,37.058,9.182,37.525
Stretch3.5,1-Recover,219.870,36.862,8.986,30.850
Stretch3.5,1-Recover,220.070,36.666,8.79,25.172
Stretch3.5,1-Recover,220.270,36.47,8.594,20.589
Stretch3.5,1-Recover,220.470,36.274,8.398,16.404
Stretch3.5,1-Recover,220.670,36.078,8.202,13.216
Stretch3.5,1-Recover,220.870,35.882,8.006,10.527
Stretch3.5,1-Recover,221.070,35.685,7.809,8.235
Stretch3.5,1-Recover,221.270,35.489,7.613,6.541
Stretch3.5,1-Recover,221.470,35.293,7.417,4.848
Stretch3.5,1-Recover,221.670,35.097,7.221,3.553
Stretch3.5,1-Recover,221.870,34.901,7.025,2.656
Stretch3.5,1-Recover,222.070,34.705,6.829,1.859
Stretch3.5,1-Recover,222.270,34.509,6.633,1.560
Stretch3.5,1-Recover,222.470,34.312,6.436,1.162
Stretch3.5,1-Recover,222.670,34.116,6.24,0.763
Stretch3.5,1-Recover,222.870,33.92,6.044,0.464
Stretch3.5,1-Recover,223.070,33.724,5.848,0.365
Stretch3.5,1-Recover,223.270,33.528,5.652,0.265
Stretch3.5,1-Recover,223.470,33.332,5.456,0.265
Stretch3.5,1-Recover,223.670,33.136,5.26,-0.034
Stretch3.5,1-Recover,223.870,32.94,5.064,-0.133
Stretch3.5,1-Recover,224.070,32.744,4.868,-0.333
Stretch3.5,1-Recover,224.270,32.548,4.672,-0.034
Stretch3.5,1-Recover,224.470,32.351,4.475,-0.333
Stretch3.5,1-Recover,224.670,32.155,4.279,-0.233
Stretch3.5,1-Recover,224.870,31.959,4.083,-0.133
Stretch3.5,1-Recover,225.070,31.763,3.887,-0.333
Stretch3.5,1-Recover,225.270,31.567,3.691,-0.133
Stretch3.5,1-Recover,225.470,31.371,3.495,-0.233
Stretch3.5,1-Recover,225.670,31.175,3.299,-0.333
Stretch3.5,1-Recover,225.870,30.978,3.102,-0.233
Stretch3.5,1-Recover,226.070,30.782,2.906,-0.034
Stretch3.5,1-Recover,226.270,30.586,2.71,-0.333
Stretch3.5,1-Recover,226.470,30.39,2.514,-0.034
Stretch3.5,1-Recover,226.670,30.194,2.318,-0.333
Stretch3.5,1-Recover,226.870,29.998,2.122,0.066
Stretch3.5,1-Recover,227.070,29.802,1.926,-0.133
Stretch3.5,1-Recover,227.270,29.606,1.73,-0.034
Stretch3.5,1-Recover,227.470,29.41,1.534,-0.233
Stretch3.5,1-Recover,227.670,29.214,1.338,-0.133
Stretch3.5,1-Recover,227.870,29.017,1.141,-0.034
Stretch3.5,1-Recover,228.070,28.821,0.945,-0.034
Stretch3.5,1-Recover,228.270,28.625,0.749,-0.133
Stretch3.5,1-Recover,228.470,28.429,0.553,-0.133
Stretch3.5,1-Recover,228.670,28.233,0.357,0.165
Stretch3.5,1-Recover,228.870,28.037,0.161,-0.034
Stretch3.5,1-Recover,229.070,27.876,0,-0.133
Stretch3.5,2-Stretch,229.080,27.876,0,-0.233
Stretch3.5,2-Stretch,229.280,27.95,0.074,-0.034
Stretch3.5,2-Stretch,229.480,28.029,0.153,-0.133
Stretch3.5,2-Stretch,229.680,28.107,0.231,-0.133
Stretch3.5,2-Stretch,229.880,28.185,0.309,-0.034
Stretch3.5,2-Stretch,230.080,28.263,0.387,-0.034
Stretch3.5,2-Stretch,230.280,28.341,0.465,-0.034
Stretch3.5,2-Stretch,230.480,28.42,0.544,-0.034
Stretch3.5,2-Stretch,230.680,28.498,0.622,-0.233
Stretch3.5,2-Stretch,230.880,28.576,0.7,-0.133
Stretch3.5,2-Stretch,231.080,28.654,0.778,0.066
Stretch3.5,2-Stretch,231.280,28.732,0.856,-0.034
Stretch3.5,2-Stretch,231.480,28.811,0.935,-0.233
Stretch3.5,2-Stretch,231.680,28.889,1.013,-0.233
Stretch3.5,2-Stretch,231.880,28.967,1.091,-0.233
Stretch3.5,2-Stretch,232.080,29.045,1.169,-0.432
Stretch3.5,2-Stretch,232.280,29.123,1.247,-0.133
Stretch3.5,2-Stretch,232.480,29.202,1.326,-0.333
Stretch3.5,2-Stretch,232.680,29.28,1.404,-0.333
Stretch3.5,2-Stretch,232.880,29.358,1.482,-0.233
Stretch3.5,2-Stretch,233.080,29.436,1.56,-0.233
Stretch3.5,2-Stretch,233.280,29.515,1.639,-0.233
Stretch3.5,2-Stretch,233.480,29.593,1.717,-0.233
Stretch3.5,2-Stretch,233.680,29.671,1.795,-0.432
Stretch3.5,2-Stretch,233.880,29.749,1.873,-0.133
Stretch3.5,2-Stretch,234.080,29.827,1.951,-0.333
Stretch3.5,2-Stretch,234.280,29.906,2.03,-0.333
Stretch3.5,2-Stretch,234.480,29.984,2.108,-0.034
Stretch3.5,2-Stretch,234.680,30.062,2.186,-0.432
Stretch3.5,2-Stretch,234.880,30.14,2.264,-0.133
Stretch3.5,2-Stretch,235.080,30.218,2.342,-0.034
Stretch3.5,2-Stretch,235.280,30.297,2.421,-0.432
Stretch3.5,2-Stretch,235.480,30.375,2.499,-0.133
Stretch3.5,2-Stretch,235.680,30.453,2.577,-0.333
Stretch3.5,2-Stretch,235.880,30.531,2.655,-0.333
Stretch3.5,2-Stretch,236.080,30.609,2.733,-0.133
Stretch3.5,2-Stretch,236.280,30.688,2.812,-0.432
Stretch3.5,2-Stretch,236.480,30.766,2.89,-0.233
Stretch3.5,2-Stretch,236.680,30.844,2.968,-0.133
Stretch3.5,2-Stretch,236.880,30.922,3.046,-0.333
Stretch3.5,2-Stretch,237.080,31.001,3.125,-0.133
Stretch3.5,2-Stretch,237.280,31.079,3.203,-0.333
Stretch3.5,2-Stretch,237.480,31.157,3.281,-0.333
Stretch3.5,2-Stretch,237.680,31.235,3.359,-0.034
Stretch3.5,2-Stretch,237.880,31.313,3.437,-0.432
Stretch3.5,2-Stretch,238.080,31.392,3.516,-0.233
Stretch3.5,2-Stretch,238.280,31.47,3.594,-0.133
Stretch3.5,2-Stretch,238.480,31.548,3.672,-0.432
Stretch3.5,2-Stretch,238.680,31.626,3.75,-0.133
Stretch3.5,2-Stretch,238.880,31.704,3.828,-0.233
Stretch3.5,2-Stretch,239.080,31.783,3.907,-0.333
Stretch3.5,2-Stretch,239.280,31.861,3.985,-0.034
Stretch3.5,2-Stretch,239.480,31.939,4.063,-0.432
Stretch3.5,2-Stretch,239.680,32.018,4.142,-0.133
Stretch3.5,2-Stretch,239.880,32.095,4.219,-0.133
Stretch3.5,2-Stretch,240.080,32.174,4.298,-0.333
Stretch3.5,2-Stretch,240.280,32.252,4.376,-0.034
Stretch3.5,2-Stretch,240.480,32.33,4.454,-0.034
Stretch3.5,2-Stretch,240.680,32.408,4.532,-0.034
Stretch3.5,2-Stretch,240.880,32.487,4.611,0.165
Stretch3.5,2-Stretch,241.080,32.565,4.689,-0.034
Stretch3.5,2-Stretch,241.280,32.643,4.767,0.265
Stretch3.5,2-Stretch,241.480,32.721,4.845,0.066
Stretch3.5,2-Stretch,241.680,32.8,4.924,0.066
Stretch3.5,2-Stretch,241.880,32.878,5.002,0.265
Stretch3.5,2-Stretch,242.080,32.956,5.08,0.265
Stretch3.5,2-Stretch,242.280,33.034,5.158,0.365
Stretch3.5,2-Stretch,242.480,33.113,5.237,0.365
Stretch3.5,2-Stretch,242.680,33.19,5.314,0.365
Stretch3.5,2-Stretch,242.880,33.269,5.393,0.464
Stretch3.5,2-Stretch,243.080,33.347,5.471,0.464
Stretch3.5,2-Stretch,243.280,33.425,5.549,0.464
Stretch3.5,2-Stretch,243.480,33.503,5.627,0.564
Stretch3.5,2-Stretch,243.680,33.582,5.706,0.564
Stretch3.5,2-Stretch,243.880,33.66,5.784,0.664
Stretch3.5,2-Stretch,244.080,33.738,5.862,0.962
Stretch3.5,2-Stretch,244.280,33.816,5.94,1.162
Stretch3.5,2-Stretch,244.480,33.895,6.019,1.162
Stretch3.5,2-Stretch,244.680,33.973,6.097,1.461
Stretch3.5,2-Stretch,244.880,34.051,6.175,1.461
Stretch3.5,2-Stretch,245.080,34.129,6.253,1.660
Stretch3.5,2-Stretch,245.280,34.207,6.331,1.959
Stretch3.5,2-Stretch,245.480,34.285,6.409,2.258
Stretch3.5,2-Stretch,245.680,34.364,6.488,2.556
Stretch3.5,2-Stretch,245.880,34.442,6.566,2.855
Stretch3.5,2-Stretch,246.080,34.52,6.644,3.353
Stretch3.5,2-Stretch,246.280,34.598,6.722,3.752
Stretch3.5,2-Stretch,246.480,34.677,6.801,3.553
Stretch3.5,2-Stretch,246.680,34.755,6.879,4.350
Stretch3.5,2-Stretch,246.880,34.833,6.957,4.649
Stretch3.5,2-Stretch,247.080,34.911,7.035,5.346
Stretch3.5,2-Stretch,247.280,34.99,7.114,6.043
Stretch3.5,2-Stretch,247.480,35.068,7.192,6.741
Stretch3.5,2-Stretch,247.680,35.146,7.27,7.040
Stretch3.5,2-Stretch,247.880,35.224,7.348,7.837
Stretch3.5,2-Stretch,248.080,35.302,7.426,8.434
Stretch3.5,2-Stretch,248.280,35.381,7.505,9.431
Stretch3.5,2-Stretch,248.480,35.459,7.583,10.626
Stretch3.5,2-Stretch,248.680,35.537,7.661,11.025
Stretch3.5,2-Stretch,248.880,35.615,7.739,12.320
Stretch3.5,2-Stretch,249.080,35.693,7.817,13.216
Stretch3.5,2-Stretch,249.280,35.772,7.896,14.412
Stretch3.5,2-Stretch,249.480,35.85,7.974,15.508
Stretch3.5,2-Stretch,249.680,35.928,8.052,16.903
Stretch3.5,2-Stretch,249.880,36.006,8.13,18.098
Stretch3.5,2-Stretch,250.080,36.085,8.209,19.194
Stretch3.5,2-Stretch,250.280,36.163,8.287,20.987
Stretch3.5,2-Stretch,250.480,36.241,8.365,22.183
Stretch3.5,2-Stretch,250.680,36.319,8.443,23.777
Stretch3.5,2-Stretch,250.880,36.397,8.521,25.570
Stretch3.5,2-Stretch,251.080,36.476,8.6,27.264
Stretch3.5,2-Stretch,251.280,36.554,8.678,29.057
Stretch3.5,2-Stretch,251.480,36.632,8.756,30.850
Stretch3.5,2-Stretch,251.680,36.71,8.834,32.644
Stretch3.5,2-Stretch,251.880,36.788,8.912,34.636
Stretch3.5,2-Stretch,252.080,36.867,8.991,36.629
Stretch3.5,2-Stretch,252.280,36.945,9.069,38.721
Stretch3.5,2-Stretch,252.480,37.023,9.147,40.713
Stretch3.5,2-Stretch,252.680,37.101,9.225,43.005
Stretch3.5,2-Stretch,252.880,37.179,9.303,45.296
Stretch3.5,2-Stretch,253.080,37.258,9.382,47.388
Stretch3.5,2-Stretch,253.280,37.336,9.46,49.580
Stretch3.5,2-Stretch,253.480,37.414,9.538,51.772
Stretch3.5,2-Stretch,253.680,37.492,9.616,54.163
Stretch3.5,2-Stretch,253.880,37.571,9.695,56.355
Stretch3.5,2-Stretch,254.080,37.633,9.757,58.148
Stretch3.5,2-Recover,254.090,37.633,9.757,58.048
Stretch3.5,2-Recover,254.290,37.453,9.577,48.783
Stretch3.5,2-Recover,254.490,37.257,9.381,39.518
Stretch3.5,2-Recover,254.690,37.061,9.185,32.046
Stretch3.5,2-Recover,254.890,36.865,8.989,25.969
Stretch3.5,2-Recover,255.090,36.669,8.793,21.087
Stretch3.5,2-Recover,255.290,36.472,8.596,16.803
Stretch3.5,2-Recover,255.490,36.276,8.4,13.615
Stretch3.5,2-Recover,255.690,36.08,8.204,10.527
Stretch3.5,2-Recover,255.890,35.884,8.008,8.135
Stretch3.5,2-Recover,256.090,35.688,7.812,6.641
Stretch3.5,2-Recover,256.290,35.492,7.616,4.848
Stretch3.5,2-Recover,256.490,35.296,7.42,3.553
Stretch3.5,2-Recover,256.690,35.099,7.223,2.756
Stretch3.5,2-Recover,256.890,34.903,7.027,1.859
Stretch3.5,2-Recover,257.090,34.707,6.831,1.162
Stretch3.5,2-Recover,257.290,34.511,6.635,1.162
Stretch3.5,2-Recover,257.490,34.315,6.439,0.763
Stretch3.5,2-Recover,257.690,34.119,6.243,0.365
Stretch3.5,2-Recover,257.890,33.923,6.047,0.365
Stretch3.5,2-Recover,258.090,33.727,5.851,0.066
Stretch3.5,2-Recover,258.290,33.53,5.654,0.066
Stretch3.5,2-Recover,258.490,33.334,5.458,0.066
Stretch3.5,2-Recover,258.690,33.138,5.262,-0.233
Stretch3.5,2-Recover,258.890,32.942,5.066,-0.233
Stretch3.5,2-Recover,259.090,32.746,4.87,-0.034
Stretch3.5,2-Recover,259.290,32.55,4.674,-0.432
Stretch3.5,2-Recover,259.490,32.354,4.478,-0.133
Stretch3.5,2-Recover,259.690,32.158,4.282,-0.333
Stretch3.5,2-Recover,259.890,31.961,4.085,-0.333
Stretch3.5,2-Recover,260.090,31.765,3.889,-0.133
Stretch3.5,2-Recover,260.290,31.569,3.693,-0.333
Stretch3.5,2-Recover,260.490,31.373,3.497,-0.233
Stretch3.5,2-Recover,260.690,31.177,3.301,-0.133
Stretch3.5,2-Recover,260.890,30.981,3.105,-0.233
Stretch3.5,2-Recover,261.090,30.785,2.909,-0.233
Stretch3.5,2-Recover,261.290,30.589,2.713,-0.034
Stretch3.5,2-Recover,261.490,30.393,2.517,0.066
Stretch3.5,2-Recover,261.690,30.197,2.321,-0.133
Stretch3.5,2-Recover,261.890,30.001,2.125,-0.233
Stretch3.5,2-Recover,262.090,29.804,1.928,-0.133
Stretch3.5,2-Recover,262.290,29.608,1.732,-0.133
Stretch3.5,2-Recover,262.490,29.412,1.536,-0.233
Stretch3.5,2-Recover,262.690,29.216,1.34,-0.233
Stretch3.5,2-Recover,262.890,29.02,1.144,-0.233
Stretch3.5,2-Recover,263.090,28.824,0.948,-0.034
Stretch3.5,2-Recover,263.290,28.628,0.752,0.066
Stretch3.5,2-Recover,263.490,28.431,0.555,-0.034
Stretch3.5,2-Recover,263.690,28.235,0.359,-0.034
Stretch3.5,2-Recover,263.890,28.039,0.163,-0.333
Stretch3.5,2-Recover,264.090,27.876,0,-0.133
Stretch3.5,3-Stretch,264.100,27.876,0,-0.233
Stretch3.5,3-Stretch,264.300,27.949,0.073,-0.133
Stretch3.5,3-Stretch,264.500,28.028,0.152,0.066
Stretch3.5,3-Stretch,264.700,28.106,0.23,-0.034
Stretch3.5,3-Stretch,264.900,28.184,0.308,-0.333
Stretch3.5,3-Stretch,265.100,28.262,0.386,-0.333
Stretch3.5,3-Stretch,265.300,28.34,0.464,-0.133
Stretch3.5,3-Stretch,265.500,28.419,0.543,-0.233
Stretch3.5,3-Stretch,265.700,28.497,0.621,-0.133
Stretch3.5,3-Stretch,265.900,28.575,0.699,-0.133
Stretch3.5,3-Stretch,266.100,28.653,0.777,-0.034
Stretch3.5,3-Stretch,266.300,28.731,0.855,-0.233
Stretch3.5,3-Stretch,266.500,28.81,0.934,-0.233
Stretch3.5,3-Stretch,266.700,28.888,1.012,-0.333
Stretch3.5,3-Stretch,266.900,28.966,1.09,-0.233
Stretch3.5,3-Stretch,267.100,29.044,1.168,-0.034
Stretch3.5,3-Stretch,267.300,29.123,1.247,-0.233
Stretch3.5,3-Stretch,267.500,29.201,1.325,-0.133
Stretch3.5,3-Stretch,267.700,29.279,1.403,-0.333
Stretch3.5,3-Stretch,267.900,29.357,1.481,-0.233
Stretch3.5,3-Stretch,268.100,29.435,1.559,-0.034
Stretch3.5,3-Stretch,268.300,29.514,1.638,-0.333
Stretch3.5,3-Stretch,268.500,29.592,1.716,-0.034
Stretch3.5,3-Stretch,268.700,29.67,1.794,-0.133
Stretch3.5,3-Stretch,268.900,29.748,1.872,-0.333
Stretch3.5,3-Stretch,269.100,29.826,1.95,-0.133
Stretch3.5,3-Stretch,269.300,29.905,2.029,-0.333
Stretch3.5,3-Stretch,269.500,29.983,2.107,-0.432
Stretch3.5,3-Stretch,269.700,30.061,2.185,-0.034
Stretch3.5,3-Stretch,269.900,30.139,2.263,-0.432
Stretch3.5,3-Stretch,270.100,30.217,2.341,-0.233
Stretch3.5,3-Stretch,270.300,30.296,2.42,-0.133
Stretch3.5,3-Stretch,270.500,30.374,2.498,-0.333
Stretch3.5,3-Stretch,270.700,30.452,2.576,-0.133
Stretch3.5,3-Stretch,270.900,30.53,2.654,-0.233
Stretch3.5,3-Stretch,271.100,30.608,2.732,-0.333
Stretch3.5,3-Stretch,271.300,30.687,2.811,-0.034
Stretch3.5,3-Stretch,271.500,30.765,2.889,-0.233
Stretch3.5,3-Stretch,271.700,30.843,2.967,-0.233
Stretch3.5,3-Stretch,271.900,30.921,3.045,-0.034
Stretch3.5,3-Stretch,272.100,31,3.124,-0.432
Stretch3.5,3-Stretch,272.300,31.078,3.202,-0.133
Stretch3.5,3-Stretch,272.500,31.156,3.28,-0.133
Stretch3.5,3-Stretch,272.700,31.234,3.358,-0.333
Stretch3.5,3-Stretch,272.900,31.312,3.436,-0.034
Stretch3.5,3-Stretch,273.100,31.391,3.515,-0.333
Stretch3.5,3-Stretch,273.300,31.469,3.593,-0.233
Stretch3.5,3-Stretch,273.500,31.547,3.671,-0.133
Stretch3.5,3-Stretch,273.700,31.625,3.749,-0.432
Stretch3.5,3-Stretch,273.900,31.704,3.828,-0.133
Stretch3.5,3-Stretch,274.100,31.782,3.906,-0.233
Stretch3.5,3-Stretch,274.300,31.86,3.984,-0.333
Stretch3.5,3-Stretch,274.500,31.938,4.062,-0.034
Stretch3.5,3-Stretch,274.700,32.017,4.141,-0.432
Stretch3.5,3-Stretch,274.900,32.094,4.218,-0.233
Stretch3.5,3-Stretch,275.100,32.173,4.297,-0.034
Stretch3.5,3-Stretch,275.300,32.251,4.375,-0.233
Stretch3.5,3-Stretch,275.500,32.329,4.453,-0.133
Stretch3.5,3-Stretch,275.700,32.407,4.531,0.066
Stretch3.5,3-Stretch,275.900,32.486,4.61,-0.133
Stretch3.5,3-Stretch,276.100,32.564,4.688,0.066
Stretch3.5,3-Stretch,276.300,32.642,4.766,-0.034
Stretch3.5,3-Stretch,276.500,32.72,4.844,-0.133
Stretch3.5,3-Stretch,276.700,32.799,4.923,0.066
Stretch3.5,3-Stretch,276.900,32.877,5.001,-0.034
Stretch3.5,3-Stretch,277.100,32.955,5.079,0.165
Stretch3.5,3-Stretch,277.300,33.033,5.157,0.165
Stretch3.5,3-Stretch,277.500,33.112,5.236,0.265
Stretch3.5,3-Stretch,277.700,33.189,5.313,0.265
Stretch3.5,3-Stretch,277.900,33.268,5.392,0.265
Stretch3.5,3-Stretch,278.100,33.346,5.47,0.365
Stretch3.5,3-Stretch,278.300,33.424,5.548,0.365
Stretch3.5,3-Stretch,278.500,33.502,5.626,0.365
Stretch3.5,3-Stretch,278.700,33.581,5.705,0.564
Stretch3.5,3-Stretch,278.900,33.659,5.783,0.464
Stretch3.5,3-Stretch,279.100,33.737,5.861,0.464
Stretch3.5,3-Stretch,279.300,33.815,5.939,0.763
Stretch3.5,3-Stretch,279.500,33.894,6.018,0.564
Stretch3.5,3-Stretch,279.700,33.972,6.096,1.062
Stretch3.5,3-Stretch,279.900,34.05,6.174,1.062
Stretch3.5,3-Stretch,280.100,34.128,6.252,1.162
Stretch3.5,3-Stretch,280.300,34.206,6.33,1.461
Stretch3.5,3-Stretch,280.500,34.285,6.409,1.560
Stretch3.5,3-Stretch,280.700,34.363,6.487,1.759
Stretch3.5,3-Stretch,280.900,34.441,6.565,1.959
Stretch3.5,3-Stretch,281.100,34.519,6.643,2.656
Stretch3.5,3-Stretch,281.300,34.598,6.722,2.656
Stretch3.5,3-Stretch,281.500,34.676,6.8,2.955
Stretch3.5,3-Stretch,281.700,34.754,6.878,3.553
Stretch3.5,3-Stretch,281.900,34.832,6.956,3.652
Stretch3.5,3-Stretch,282.100,34.91,7.034,3.652
Stretch3.5,3-Stretch,282.300,34.989,7.113,4.350
Stretch3.5,3-Stretch,282.500,35.067,7.191,4.848
Stretch3.5,3-Stretch,282.700,35.145,7.269,5.346
Stretch3.5,3-Stretch,282.900,35.223,7.347,6.143
Stretch3.5,3-Stretch,283.100,35.301,7.425,6.840
Stretch3.5,3-Stretch,283.300,35.38,7.504,6.940
Stretch3.5,3-Stretch,283.500,35.458,7.582,8.135
Stretch3.5,3-Stretch,283.700,35.536,7.66,9.032
Stretch3.5,3-Stretch,283.900,35.614,7.738,9.729
Stretch3.5,3-Stretch,284.100,35.692,7.816,10.726
Stretch3.5,3-Stretch,284.300,35.771,7.895,11.423
Stretch3.5,3-Stretch,284.500,35.849,7.973,12.519
Stretch3.5,3-Stretch,284.700,35.927,8.051,13.515
Stretch3.5,3-Stretch,284.900,36.005,8.129,14.412
Stretch3.5,3-Stretch,285.100,36.084,8.208,15.807
Stretch3.5,3-Stretch,285.300,36.162,8.286,17.102
Stretch3.5,3-Stretch,285.500,36.24,8.364,18.098
Stretch3.5,3-Stretch,285.700,36.318,8.442,19.891
Stretch3.5,3-Stretch,285.900,36.396,8.52,21.485
Stretch3.5,3-Stretch,286.100,36.475,8.599,22.681
Stretch3.5,3-Stretch,286.300,36.553,8.677,24.474
Stretch3.5,3-Stretch,286.500,36.631,8.755,25.969
Stretch3.5,3-Stretch,286.700,36.709,8.833,27.762
Stretch3.5,3-Stretch,286.900,36.787,8.911,29.455
Stretch3.5,3-Stretch,287.100,36.866,8.99,31.647
Stretch3.5,3-Stretch,287.300,36.944,9.068,33.540
Stretch3.5,3-Stretch,287.500,37.022,9.146,35.632
Stretch3.5,3-Stretch,287.700,37.1,9.224,37.824
Stretch3.5,3-Stretch,287.900,37.178,9.302,39.916
Stretch3.5,3-Stretch,288.100,37.257,9.381,42.208
Stretch3.5,3-Stretch,288.300,37.335,9.459,44.300
Stretch3.5,3-Stretch,288.500,37.413,9.537,46.691
Stretch3.5,3-Stretch,288.700,37.491,9.615,49.181
Stretch3.5,3-Stretch,288.900,37.57,9.694,51.174
Stretch3.5,3-Stretch,289.100,37.633,9.757,53.465
Stretch3.5,3-Recover,289.120,37.633,9.757,53.266
Stretch3.5,3-Recover,289.320,37.445,9.569,44.101
Stretch3.5,3-Recover,289.520,37.249,9.373,35.433
Stretch3.5,3-Recover,289.720,37.053,9.177,28.559
Stretch3.5,3-Recover,289.920,36.857,8.981,22.880
Stretch3.5,3-Recover,290.120,36.661,8.785,18.297
Stretch3.5,3-Recover,290.320,36.465,8.589,14.611
Stretch3.5,3-Recover,290.520,36.269,8.393,11.224
Stretch3.5,3-Recover,290.720,36.073,8.197,8.932
Stretch3.5,3-Recover,290.920,35.877,8.001,7.040
Stretch3.5,3-Recover,291.120,35.681,7.805,5.246
Stretch3.5,3-Recover,291.320,35.484,7.608,3.553
Stretch3.5,3-Recover,291.520,35.288,7.412,3.055
Stretch3.5,3-Recover,291.720,35.092,7.216,2.058
Stretch3.5,3-Recover,291.920,34.896,7.02,1.261
Stretch3.5,3-Recover,292.120,34.7,6.824,1.162
Stretch3.5,3-Recover,292.320,34.504,6.628,0.664
Stretch3.5,3-Recover,292.520,34.308,6.432,0.365
Stretch3.5,3-Recover,292.720,34.111,6.235,0.365
Stretch3.5,3-Recover,292.920,33.915,6.039,0.165
Stretch3.5,3-Recover,293.120,33.719,5.843,0.165
Stretch3.5,3-Recover,293.320,33.523,5.647,-0.034
Stretch3.5,3-Recover,293.520,33.327,5.451,-0.133
Stretch3.5,3-Recover,293.720,33.131,5.255,-0.034
Stretch3.5,3-Recover,293.920,32.935,5.059,-0.333
Stretch3.5,3-Recover,294.120,32.739,4.863,-0.333
Stretch3.5,3-Recover,294.320,32.543,4.667,-0.034
Stretch3.5,3-Recover,294.520,32.347,4.471,-0.432
Stretch3.5,3-Recover,294.720,32.151,4.275,-0.233
Stretch3.5,3-Recover,294.920,31.954,4.078,-0.233
Stretch3.5,3-Recover,295.120,31.758,3.882,-0.333
Stretch3.5,3-Recover,295.320,31.562,3.686,-0.133
Stretch3.5,3-Recover,295.520,31.366,3.49,-0.233
Stretch3.5,3-Recover,295.720,31.17,3.294,-0.432
Stretch3.5,3-Recover,295.920,30.974,3.098,-0.233
Stretch3.5,3-Recover,296.120,30.777,2.901,-0.233
Stretch3.5,3-Recover,296.320,30.581,2.705,-0.233
Stretch3.5,3-Recover,296.520,30.385,2.509,-0.034
Stretch3.5,3-Recover,296.720,30.189,2.313,-0.432
Stretch3.5,3-Recover,296.920,29.993,2.117,-0.133
Stretch3.5,3-Recover,297.120,29.797,1.921,-0.034
Stretch3.5,3-Recover,297.320,29.601,1.725,-0.034
Stretch3.5,3-Recover,297.520,29.405,1.529,-0.034
Stretch3.5,3-Recover,297.720,29.209,1.333,-0.233
Stretch3.5,3-Recover,297.920,29.013,1.137,-0.034
Stretch3.5,3-Recover,298.120,28.816,0.94,-0.034
Stretch3.5,3-Recover,298.320,28.62,0.744,-0.133
Stretch3.5,3-Recover,298.520,28.424,0.548,-0.233
Stretch3.5,3-Recover,298.720,28.228,0.352,0.066
Stretch3.5,3-Recover,298.920,28.032,0.156,-0.133
Stretch3.5,4-Stretch,299.120,27.876,0,-0.034
Stretch3.5,4-Stretch,299.320,27.948,0.072,0.066
Stretch3.5,4-Stretch,299.520,28.027,0.151,-0.034
Stretch3.5,4-Stretch,299.720,28.105,0.229,-0.034
Stretch3.5,4-Stretch,299.920,28.183,0.307,0.066
Stretch3.5,4-Stretch,300.120,28.261,0.385,-0.133
Stretch3.5,4-Stretch,300.320,28.339,0.463,-0.034
Stretch3.5,4-Stretch,300.520,28.418,0.542,-0.034
Stretch3.5,4-Stretch,300.720,28.496,0.62,-0.133
Stretch3.5,4-Stretch,300.920,28.574,0.698,-0.233
Stretch3.5,4-Stretch,301.120,28.652,0.776,-0.133
Stretch3.5,4-Stretch,301.320,28.73,0.854,-0.133
Stretch3.5,4-Stretch,301.520,28.809,0.933,-0.034
Stretch3.5,4-Stretch,301.720,28.887,1.011,-0.133
Stretch3.5,4-Stretch,301.920,28.965,1.089,-0.133
Stretch3.5,4-Stretch,302.120,29.043,1.167,-0.133
Stretch3.5,4-Stretch,302.320,29.122,1.246,-0.133
Stretch3.5,4-Stretch,302.520,29.2,1.324,-0.233
Stretch3.5,4-Stretch,302.720,29.278,1.402,-0.233
Stretch3.5,4-Stretch,302.920,29.356,1.48,-0.133
Stretch3.5,4-Stretch,303.120,29.435,1.559,-0.133
Stretch3.5,4-Stretch,303.320,29.513,1.637,-0.133
Stretch3.5,4-Stretch,303.520,29.591,1.715,-0.133
Stretch3.5,4-Stretch,303.720,29.669,1.793,-0.133
Stretch3.5,4-Stretch,303.920,29.748,1.872,-0.233
Stretch3.5,4-Stretch,304.120,29.826,1.95,-0.333
Stretch3.5,4-Stretch,304.320,29.904,2.028,-0.034
Stretch3.5,4-Stretch,304.520,29.982,2.106,-0.233
Stretch3.5,4-Stretch,304.720,30.06,2.184,-0.333
Stretch3.5,4-Stretch,304.920,30.139,2.263,-0.233
Stretch3.5,4-Stretch,305.120,30.217,2.341,-0.333
Stretch3.5,4-Stretch,305.320,30.295,2.419,-0.333
Stretch3.5,4-Stretch,305.520,30.373,2.497,-0.034
Stretch3.5,4-Stretch,305.720,30.451,2.575,-0.333
Stretch3.5,4-Stretch,305.920,30.53,2.654,-0.233
Stretch3.5,4-Stretch,306.120,30.608,2.732,-0.133
Stretch3.5,4-Stretch,306.320,30.686,2.81,-0.233
Stretch3.5,4-Stretch,306.520,30.764,2.888,-0.133
Stretch3.5,4-Stretch,306.720,30.842,2.966,-0.333
Stretch3.5,4-Stretch,306.920,30.921,3.045,-0.333
Stretch3.5,4-Stretch,307.120,30.999,3.123,-0.133
Stretch3.5,4-Stretch,307.320,31.077,3.201,-0.432
Stretch3.5,4-Stretch,307.520,31.155,3.279,-0.233
Stretch3.5,4-Stretch,307.720,31.234,3.358,-0.034
Stretch3.5,4-Stretch,307.920,31.312,3.436,-0.432
Stretch3.5,4-Stretch,308.120,31.39,3.514,-0.133
Stretch3.5,4-Stretch,308.320,31.468,3.592,-0.333
Stretch3.5,4-Stretch,308.520,31.546,3.67,-0.233
Stretch3.5,4-Stretch,308.720,31.625,3.749,-0.034
Stretch3.5,4-Stretch,308.920,31.703,3.827,-0.432
Stretch3.5,4-Stretch,309.120,31.781,3.905,-0.233
Stretch3.5,4-Stretch,309.320,31.859,3.983,-0.133
Stretch3.5,4-Stretch,309.520,31.937,4.061,-0.432
Stretch3.5,4-Stretch,309.720,32.016,4.14,-0.133
Stretch3.5,4-Stretch,309.920,32.094,4.218,-0.233
Stretch3.5,4-Stretch,310.120,32.172,4.296,-0.333
Stretch3.5,4-Stretch,310.320,32.25,4.374,-0.034
Stretch3.5,4-Stretch,310.520,32.328,4.452,-0.432
Stretch3.5,4-Stretch,310.720,32.407,4.531,-0.133
Stretch3.5,4-Stretch,310.920,32.485,4.609,-0.034
Stretch3.5,4-Stretch,311.120,32.563,4.687,-0.333
Stretch3.5,4-Stretch,311.320,32.641,4.765,-0.034
Stretch3.5,4-Stretch,311.520,32.72,4.844,-0.233
Stretch3.5,4-Stretch,311.720,32.798,4.922,0.066
Stretch3.5,4-Stretch,311.920,32.876,5,0.165
Stretch3.5,4-Stretch,312.120,32.954,5.078,-0.133
Stretch3.5,4-Stretch,312.320,33.032,5.156,0.066
Stretch3.5,4-Stretch,312.520,33.111,5.235,0.066
Stretch3.5,4-Stretch,312.720,33.189,5.313,0.165
Stretch3.5,4-Stretch,312.920,33.267,5.391,0.165
Stretch3.5,4-Stretch,313.120,33.345,5.469,0.165
Stretch3.5,4-Stretch,313.320,33.423,5.547,0.265
Stretch3.5,4-Stretch,313.520,33.502,5.626,0.365
Stretch3.5,4-Stretch,313.720,33.58,5.704,0.365
Stretch3.5,4-Stretch,313.920,33.658,5.782,0.365
Stretch3.5,4-Stretch,314.120,33.736,5.86,0.464
Stretch3.5,4-Stretch,314.320,33.814,5.938,0.365
Stretch3.5,4-Stretch,314.520,33.893,6.017,0.664
Stretch3.5,4-Stretch,314.720,33.971,6.095,0.464
Stretch3.5,4-Stretch,314.920,34.049,6.173,0.464
Stretch3.5,4-Stretch,315.120,34.127,6.251,0.962
Stretch3.5,4-Stretch,315.320,34.205,6.329,1.162
Stretch3.5,4-Stretch,315.520,34.284,6.408,1.261
Stretch3.5,4-Stretch,315.720,34.362,6.486,1.461
Stretch3.5,4-Stretch,315.920,34.44,6.564,1.560
Stretch3.5,4-Stretch,316.120,34.518,6.642,1.660
Stretch3.5,4-Stretch,316.320,34.597,6.721,1.959
Stretch3.5,4-Stretch,316.520,34.675,6.799,2.258
Stretch3.5,4-Stretch,316.720,34.753,6.877,2.457
Stretch3.5,4-Stretch,316.920,34.831,6.955,3.055
Stretch3.5,4-Stretch,317.120,34.909,7.033,3.453
Stretch3.5,4-Stretch,317.320,34.988,7.112,3.553
Stretch3.5,4-Stretch,317.520,35.066,7.19,3.553
Stretch3.5,4-Stretch,317.720,35.144,7.268,4.649
Stretch3.5,4-Stretch,317.920,35.222,7.346,5.147
Stretch3.5,4-Stretch,318.120,35.3,7.424,5.744
Stretch3.5,4-Stretch,318.320,35.379,7.503,6.143
Stretch3.5,4-Stretch,318.520,35.457,7.581,7.139
Stretch3.5,4-Stretch,318.720,35.535,7.659,7.338
Stretch3.5,4-Stretch,318.920,35.613,7.737,8.135
Stretch3.5,4-Stretch,319.120,35.691,7.815,8.833
Stretch3.5,4-Stretch,319.320,35.77,7.894,9.630
Stretch3.5,4-Stretch,319.520,35.848,7.972,10.925
Stretch3.5,4-Stretch,319.720,35.926,8.05,11.523
Stretch3.5,4-Stretch,319.920,36.004,8.128,12.718
Stretch3.5,4-Stretch,320.120,36.083,8.207,13.814
Stretch3.5,4-Stretch,320.320,36.161,8.285,14.711
Stretch3.5,4-Stretch,320.520,36.239,8.363,16.006
Stretch3.5,4-Stretch,320.720,36.317,8.441,17.500
Stretch3.5,4-Stretch,320.920,36.395,8.519,18.696
Stretch3.5,4-Stretch,321.120,36.474,8.598,20.190
Stretch3.5,4-Stretch,321.320,36.552,8.676,21.685
Stretch3.5,4-Stretch,321.520,36.63,8.754,23.378
Stretch3.5,4-Stretch,321.720,36.708,8.832,25.072
Stretch3.5,4-Stretch,321.920,36.786,8.91,26.566
Stretch3.5,4-Stretch,322.120,36.865,8.989,28.658
Stretch3.5,4-Stretch,322.320,36.943,9.067,30.352
Stretch3.5,4-Stretch,322.520,37.021,9.145,32.345
Stretch3.5,4-Stretch,322.720,37.099,9.223,34.337
Stretch3.5,4-Stretch,322.920,37.177,9.301,36.330
Stretch3.5,4-Stretch,323.120,37.256,9.38,38.721
Stretch3.5,4-Stretch,323.320,37.334,9.458,40.813
Stretch3.5,4-Stretch,323.520,37.412,9.536,43.503
Stretch3.5,4-Stretch,323.720,37.49,9.614,45.595
Stretch3.5,4-Stretch,323.920,37.569,9.693,47.787
Stretch3.5,4-Stretch,324.120,37.633,9.757,49.979
Stretch3.5,4-Recover,324.140,37.633,9.757,49.979
Stretch3.5,4-Recover,324.340,37.448,9.572,41.311
Stretch3.5,4-Recover,324.540,37.252,9.376,33.042
Stretch3.5,4-Recover,324.740,37.056,9.18,26.367
Stretch3.5,4-Recover,324.940,36.86,8.984,21.187
Stretch3.5,4-Recover,325.140,36.663,8.787,16.703
Stretch3.5,4-Recover,325.340,36.467,8.591,13.117
Stretch3.5,4-Recover,325.540,36.271,8.395,10.327
Stretch3.5,4-Recover,325.740,36.075,8.199,7.737
Stretch3.5,4-Recover,325.940,35.879,8.003,5.944
Stretch3.5,4-Recover,326.140,35.683,7.807,4.250
Stretch3.5,4-Recover,326.340,35.487,7.611,3.453
Stretch3.5,4-Recover,326.540,35.291,7.415,2.556
Stretch3.5,4-Recover,326.740,35.095,7.219,1.759
Stretch3.5,4-Recover,326.940,34.898,7.022,1.361
Stretch3.5,4-Recover,327.140,34.702,6.826,0.962
Stretch3.5,4-Recover,327.340,34.506,6.63,0.564
Stretch3.5,4-Recover,327.540,34.31,6.434,0.365
Stretch3.5,4-Recover,327.740,34.114,6.238,0.365
Stretch3.5,4-Recover,327.940,33.918,6.042,0.165
Stretch3.5,4-Recover,328.140,33.722,5.846,-0.133
Stretch3.5,4-Recover,328.340,33.526,5.65,-0.233
Stretch3.5,4-Recover,328.540,33.33,5.454,-0.034
Stretch3.5,4-Recover,328.740,33.133,5.257,-0.432
Stretch3.5,4-Recover,328.940,32.937,5.061,-0.133
Stretch3.5,4-Recover,329.140,32.741,4.865,-0.133
Stretch3.5,4-Recover,329.340,32.545,4.669,-0.333
Stretch3.5,4-Recover,329.540,32.349,4.473,-0.034
Stretch3.5,4-Recover,329.740,32.153,4.277,-0.333
Stretch3.5,4-Recover,329.940,31.957,4.081,-0.133
Stretch3.5,4-Recover,330.140,31.761,3.885,-0.133
Stretch3.5,4-Recover,330.340,31.565,3.689,-0.133
Stretch3.5,4-Recover,330.540,31.368,3.492,-0.233
Stretch3.5,4-Recover,330.740,31.172,3.296,-0.133
Stretch3.5,4-Recover,330.940,30.976,3.1,-0.133
Stretch3.5,4-Recover,331.140,30.78,2.904,-0.133
Stretch3.5,4-Recover,331.340,30.584,2.708,-0.034
Stretch3.5,4-Recover,331.540,30.388,2.512,-0.034
Stretch3.5,4-Recover,331.740,30.192,2.316,-0.233
Stretch3.5,4-Recover,331.940,29.995,2.119,-0.133
Stretch3.5,4-Recover,332.140,29.799,1.923,-0.133
Stretch3.5,4-Recover,332.340,29.603,1.727,-0.034
Stretch3.5,4-Recover,332.540,29.407,1.531,-0.133
Stretch3.5,4-Recover,332.740,29.211,1.335,-0.034
Stretch3.5,4-Recover,332.940,29.015,1.139,0.066
Stretch3.5,4-Recover,333.140,28.819,0.943,-0.034
Stretch3.5,4-Recover,333.340,28.623,0.747,-0.133
Stretch3.5,4-Recover,333.540,28.427,0.551,0.066
Stretch3.5,4-Recover,333.740,28.231,0.355,-0.034
Stretch3.5,4-Recover,333.940,28.034,0.158,0.165
Stretch3.5,5-Stretch,334.140,27.876,0,-0.233
Stretch3.5,5-Stretch,334.340,27.948,0.072,-0.133
Stretch3.5,5-Stretch,334.540,28.026,0.15,0.066
Stretch3.5,5-Stretch,334.740,28.104,0.228,-0.034
Stretch3.5,5-Stretch,334.940,28.182,0.306,-0.034
Stretch3.5,5-Stretch,335.140,28.261,0.385,0.165
Stretch3.5,5-Stretch,335.340,28.338,0.462,-0.034
Stretch3.5,5-Stretch,335.540,28.417,0.541,-0.133
Stretch3.5,5-Stretch,335.740,28.495,0.619,-0.133
Stretch3.5,5-Stretch,335.940,28.573,0.697,-0.034
Stretch3.5,5-Stretch,336.140,28.651,0.775,-0.133
Stretch3.5,5-Stretch,336.340,28.73,0.854,-0.034
Stretch3.5,5-Stretch,336.540,28.808,0.932,-0.034
Stretch3.5,5-Stretch,336.740,28.886,1.01,-0.034
Stretch3.5,5-Stretch,336.940,28.964,1.088,0.066
Stretch3.5,5-Stretch,337.140,29.043,1.167,-0.034
Stretch3.5,5-Stretch,337.340,29.121,1.245,-0.333
Stretch3.5,5-Stretch,337.540,29.199,1.323,-0.133
Stretch3.5,5-Stretch,337.740,29.277,1.401,0.066
Stretch3.5,5-Stretch,337.940,29.355,1.479,-0.133
Stretch3.5,5-Stretch,338.140,29.433,1.557,0.066
Stretch3.5,5-Stretch,338.340,29.512,1.636,-0.233
Stretch3.5,5-Stretch,338.540,29.59,1.714,-0.133
Stretch3.5,5-Stretch,338.740,29.668,1.792,-0.133
Stretch3.5,5-Stretch,338.940,29.746,1.87,-0.133
Stretch3.5,5-Stretch,339.140,29.825,1.949,-0.233
Stretch3.5,5-Stretch,339.340,29.903,2.027,-0.233
Stretch3.5,5-Stretch,339.540,29.981,2.105,-0.133
Stretch3.5,5-Stretch,339.740,30.059,2.183,-0.233
Stretch3.5,5-Stretch,339.940,30.138,2.262,-0.432
Stretch3.5,5-Stretch,340.140,30.215,2.339,-0.133
Stretch3.5,5-Stretch,340.340,30.294,2.418,-0.233
Stretch3.5,5-Stretch,340.540,30.372,2.496,-0.333
Stretch3.5,5-Stretch,340.740,30.45,2.574,-0.133
Stretch3.5,5-Stretch,340.940,30.528,2.652,-0.233
Stretch3.5,5-Stretch,341.140,30.607,2.731,-0.233
Stretch3.5,5-Stretch,341.340,30.685,2.809,-0.133
Stretch3.5,5-Stretch,341.540,30.763,2.887,-0.333
Stretch3.5,5-Stretch,341.740,30.841,2.965,-0.233
Stretch3.5,5-Stretch,341.940,30.92,3.044,-0.333
Stretch3.5,5-Stretch,342.140,30.998,3.122,-0.233
Stretch3.5,5-Stretch,342.340,31.076,3.2,-0.133
Stretch3.5,5-Stretch,342.540,31.154,3.278,-0.333
Stretch3.5,5-Stretch,342.740,31.233,3.357,-0.233
Stretch3.5,5-Stretch,342.940,31.31,3.434,-0.034
Stretch3.5,5-Stretch,343.140,31.389,3.513,-0.432
Stretch3.5,5-Stretch,343.340,31.467,3.591,-0.133
Stretch3.5,5-Stretch,343.540,31.545,3.669,-0.233
Stretch3.5,5-Stretch,343.740,31.623,3.747,-0.333
Stretch3.5,5-Stretch,343.940,31.702,3.826,-0.133
Stretch3.5,5-Stretch,344.140,31.78,3.904,-0.432
Stretch3.5,5-Stretch,344.340,31.858,3.982,-0.233
Stretch3.5,5-Stretch,344.540,31.936,4.06,-0.034
Stretch3.5,5-Stretch,344.740,32.015,4.139,-0.432
Stretch3.5,5-Stretch,344.940,32.093,4.217,-0.133
Stretch3.5,5-Stretch,345.140,32.171,4.295,-0.133
Stretch3.5,5-Stretch,345.340,32.249,4.373,-0.333
Stretch3.5,5-Stretch,345.540,32.327,4.451,-0.034
Stretch3.5,5-Stretch,345.740,32.405,4.529,-0.432
Stretch3.5,5-Stretch,345.940,32.484,4.608,-0.233
Stretch3.5,5-Stretch,346.140,32.562,4.686,-0.133
Stretch3.5,5-Stretch,346.340,32.64,4.764,-0.432
Stretch3.5,5-Stretch,346.540,32.718,4.842,-0.133
Stretch3.5,5-Stretch,346.740,32.797,4.921,-0.034
Stretch3.5,5-Stretch,346.940,32.875,4.999,-0.233
Stretch3.5,5-Stretch,347.140,32.953,5.077,0.066
Stretch3.5,5-Stretch,347.340,33.031,5.155,0.066
Stretch3.5,5-Stretch,347.540,33.11,5.234,0.066
Stretch3.5,5-Stretch,347.740,33.188,5.312,0.165
Stretch3.5,5-Stretch,347.940,33.266,5.39,-0.133
Stretch3.5,5-Stretch,348.140,33.344,5.468,0.165
Stretch3.5,5-Stretch,348.340,33.422,5.546,0.265
Stretch3.5,5-Stretch,348.540,33.501,5.625,0.365
Stretch3.5,5-Stretch,348.740,33.579,5.703,0.365
Stretch3.5,5-Stretch,348.940,33.657,5.781,0.365
Stretch3.5,5-Stretch,349.140,33.735,5.859,0.365
Stretch3.5,5-Stretch,349.340,33.813,5.937,0.365
Stretch3.5,5-Stretch,349.540,33.892,6.016,0.365
Stretch3.5,5-Stretch,349.740,33.97,6.094,0.564
Stretch3.5,5-Stretch,349.940,34.048,6.172,0.464
Stretch3.5,5-Stretch,350.140,34.126,6.25,0.564
Stretch3.5,5-Stretch,350.340,34.205,6.329,0.962
Stretch3.5,5-Stretch,350.540,34.283,6.407,1.062
Stretch3.5,5-Stretch,350.740,34.361,6.485,1.162
Stretch3.5,5-Stretch,350.940,34.439,6.563,1.361
Stretch3.5,5-Stretch,351.140,34.517,6.641,1.261
Stretch3.5,5-Stretch,351.340,34.596,6.72,1.660
Stretch3.5,5-Stretch,351.540,34.674,6.798,1.859
Stretch3.5,5-Stretch,351.740,34.752,6.876,1.959
Stretch3.5,5-Stretch,351.940,34.83,6.954,2.258
Stretch3.5,5-Stretch,352.140,34.908,7.032,2.756
Stretch3.5,5-Stretch,352.340,34.987,7.111,3.254
Stretch3.5,5-Stretch,352.540,35.065,7.189,3.553
Stretch3.5,5-Stretch,352.740,35.143,7.267,3.652
Stretch3.5,5-Stretch,352.940,35.221,7.345,4.150
Stretch3.5,5-Stretch,353.140,35.299,7.423,4.549
Stretch3.5,5-Stretch,353.340,35.378,7.502,5.246
Stretch3.5,5-Stretch,353.540,35.456,7.58,5.744
Stretch3.5,5-Stretch,353.740,35.534,7.658,6.741
Stretch3.5,5-Stretch,353.940,35.612,7.736,7.239
Stretch3.5,5-Stretch,354.140,35.69,7.814,7.737
Stretch3.5,5-Stretch,354.340,35.769,7.893,8.733
Stretch3.5,5-Stretch,354.540,35.847,7.971,9.431
Stretch3.5,5-Stretch,354.740,35.925,8.049,10.427
Stretch3.5,5-Stretch,354.940,36.003,8.127,11.124
Stretch3.5,5-Stretch,355.140,36.082,8.206,12.320
Stretch3.5,5-Stretch,355.340,36.16,8.284,13.216
Stretch3.5,5-Stretch,355.540,36.238,8.362,14.512
Stretch3.5,5-Stretch,355.740,36.316,8.44,15.707
Stretch3.5,5-Stretch,355.940,36.394,8.518,17.102
Stretch3.5,5-Stretch,356.140,36.473,8.597,18.297
Stretch3.5,5-Stretch,356.340,36.551,8.675,19.891
Stretch3.5,5-Stretch,356.540,36.629,8.753,21.685
Stretch3.5,5-Stretch,356.740,36.707,8.831,22.781
Stretch3.5,5-Stretch,356.940,36.785,8.909,24.673
Stretch3.5,5-Stretch,357.140,36.864,8.988,26.168
Stretch3.5,5-Stretch,357.340,36.942,9.066,28.260
Stretch3.5,5-Stretch,357.540,37.02,9.144,29.655
Stretch3.5,5-Stretch,357.740,37.098,9.222,32.046
Stretch3.5,5-Stretch,357.940,37.176,9.3,34.038
Stretch3.5,5-Stretch,358.140,37.255,9.379,36.230
Stretch3.5,5-Stretch,358.340,37.333,9.457,38.422
Stretch3.5,5-Stretch,358.540,37.411,9.535,40.614
Stretch3.5,5-Stretch,358.740,37.489,9.613,43.104
Stretch3.5,5-Stretch,358.940,37.568,9.692,45.396
Stretch3.5,5-Stretch,359.140,37.633,9.757,47.289
Stretch3.5,5-Recover,359.160,37.633,9.757,47.289
Stretch3.5,5-Recover,359.360,37.45,9.574,39.219
Stretch3.5,5-Recover,359.560,37.254,9.378,31.149
Stretch3.5,5-Recover,359.760,37.058,9.182,24.773
Stretch3.5,5-Recover,359.960,36.862,8.986,19.692
Stretch3.5,5-Recover,360.160,36.666,8.79,15.408
Stretch3.5,5-Recover,360.360,36.47,8.594,12.121
Stretch3.5,5-Recover,360.560,36.274,8.398,9.231
Stretch3.5,5-Recover,360.760,36.078,8.202,7.139
Stretch3.5,5-Recover,360.960,35.882,8.006,5.346
Stretch3.5,5-Recover,361.160,35.685,7.809,3.852
Stretch3.5,5-Recover,361.360,35.489,7.613,3.154
Stretch3.5,5-Recover,361.560,35.293,7.417,2.058
Stretch3.5,5-Recover,361.760,35.097,7.221,1.560
Stretch3.5,5-Recover,361.960,34.901,7.025,1.162
Stretch3.5,5-Recover,362.160,34.705,6.829,0.863
Stretch3.5,5-Recover,362.360,34.509,6.633,0.365
Stretch3.5,5-Recover,362.560,34.312,6.436,0.365
Stretch3.5,5-Recover,362.760,34.116,6.24,0.265
Stretch3.5,5-Recover,362.960,33.92,6.044,-0.133
Stretch3.5,5-Recover,363.160,33.724,5.848,0.066
Stretch3.5,5-Recover,363.360,33.528,5.652,-0.133
Stretch3.5,5-Recover,363.560,33.332,5.456,-0.333
